-- 시퀀스 드롭

--DROP SEQUENCE SEQ_USERS_USER_ID;
DROP SEQUENCE SEQ_REFRESH_TOKENS_ID;
DROP SEQUENCE SEQ_USER_SOCIAL_LOGIN_SOCIAL_LOGIN_ID;
DROP SEQUENCE SEQ_USER_FACE_LOGIN_FACE_LOGIN_ID;
DROP SEQUENCE SEQ_LOGIN_HISTORY_LOGIN_HISTORY_ID;
DROP SEQUENCE SEQ_COUNSELING_SESSIONS_SESSION_ID;
DROP SEQUENCE SEQ_COUNSELING_MESSAGES_MESSAGE_ID;
DROP SEQUENCE SEQ_COUNSELING_ANALYSIS_SUMMARIES_SUMMARY_ID;
DROP SEQUENCE SEQ_GUIDANCE_TYPES_GUIDANCE_TYPE_ID;
DROP SEQUENCE SEQ_EMOTIONS_EMOTION_ID;
DROP SEQUENCE SEQ_EMOTION_LOGS_EMOTION_LOG_ID;
DROP SEQUENCE SEQ_TEST_QUESTIONS_QUESTION_ID;
DROP SEQUENCE SEQ_PERSONALITY_TEST_ANSWERS_ANSWER_ID;
DROP SEQUENCE SEQ_PERSONALITY_ANALYSIS_PERSONALITY_ID;
DROP SEQUENCE SEQ_PSYCHOLOGICAL_TEST_ANSWERS_ANSWER_ID;
DROP SEQUENCE SEQ_PSYCHOLOGICAL_ANALYSIS_PSYCHO_ID;
DROP SEQUENCE SEQ_USER_ANALYSIS_SUMMARY_USER_SUMMARY_ID;
DROP SEQUENCE SEQ_QUEST_QUEST_ID;
DROP SEQUENCE SEQ_QUEST_REWARDS_QUEST_ID;
DROP SEQUENCE SEQ_CONTENTS_CONTENT_ID;
DROP SEQUENCE SEQ_SIMULATION_SCENARIOS_SCENARIO_ID;
DROP SEQUENCE SEQ_SIMULATION_SETTINGS_SETTING_ID;
DROP SEQUENCE SEQ_SIMULATION_QUESTIONS_QUESTION_ID;
DROP SEQUENCE SEQ_SIMULATION_CHOICES_CHOICE_ID;
DROP SEQUENCE SEQ_SIMULATION_RESULTS_RESULT_ID;
DROP SEQUENCE SEQ_NOTICES_NOTICE_NO;
DROP SEQUENCE SEQ_INQUIRIES_INQUIRY_ID;
DROP SEQUENCE SEQ_COMMENTS_COMMENT_ID;
DROP SEQUENCE SEQ_SYSTEM_LOGS_LOG_ID;
DROP SEQUENCE SEQ_ANALYSIS_TYPES_ANALYSIS_TYPE_ID;
DROP SEQUENCE SEQ_PERSONALITY_TESTS_PERSONALITY_TEST_ID;
DROP SEQUENCE SEQ_PSYCHOLOGICAL_TESTS_PSYCHO_TEST_ID;
DROP SEQUENCE SEQ_CONTENT_RECOMMENDATIONS_RECOMMENDATION_ID;
DROP SEQUENCE SEQ_USER_REWARDS_USER_REWARD_ID;
-- 추가
DROP SEQUENCE PSYCHOLOGICAL_ANSWER_SEQ;
DROP SEQUENCE PSYCHOLOGICAL_ANALYSIS_SEQ;
DROP SEQUENCE ANSWER_SEQ;
DROP SEQUENCE RESULT_SEQ;
DROP SEQUENCE QUESTION_SEQ;
DROP SEQUENCE SIM_RESULT_SEQ;
DROP SEQUENCE SETTING_SEQ;
DROP SEQUENCE TB_PERSONALITY_ANALYSIS_SEQ;
DROP SEQUENCE SCENARIO_SEQ;
DROP SEQUENCE SEQ_QUEST_ACTIVITIES_ACTIVITY_ID;
DROP SEQUENCE SEQ_QUEST_STEPS_STEP_ID;
DROP SEQUENCE SEQ_QUEST_RECOMMENDATIONS_RECOMMENDATION_ID;
DROP SEQUENCE SEQ_USER_QUEST_STATS_STAT_ID;
DROP SEQUENCE TB_SIMULATION_USER_RESULTS_SEQ;
DROP SEQUENCE TB_SIMULATION_RESULTS_SEQ;
DROP SEQUENCE SEQ_TB_SIMULATION_USER_RESULT_ID;



-- 테이블 드롭 (외래키 참조 순서 고려)

-- 자식 테이블들 먼저 삭제
DROP TABLE TB_QUEST CASCADE CONSTRAINTS;
DROP TABLE TB_PERSONALITY_ANSWERS CASCADE CONSTRAINTS;
DROP TABLE TB_PSYCHOLOGICAL_IMAGE_ANSWERS CASCADE CONSTRAINTS;
DROP TABLE TB_SIMULATION_CHOICES CASCADE CONSTRAINTS;
DROP TABLE TB_SIMULATION_RESULTS CASCADE CONSTRAINTS;
DROP TABLE TB_USER_ANALYSIS_SUMMARY CASCADE CONSTRAINTS;
DROP TABLE TB_PERSONALITY_RESULTS CASCADE CONSTRAINTS;
DROP TABLE TB_PSYCHOLOGICAL_IMAGE_RESULTS CASCADE CONSTRAINTS;
DROP TABLE TB_COUNSELING_MESSAGES CASCADE CONSTRAINTS;
DROP TABLE TB_COUNSELING_ANALYSIS_SUMMARIES CASCADE CONSTRAINTS;
DROP TABLE TB_SIMULATION_SETTINGS CASCADE CONSTRAINTS;
DROP TABLE TB_SIMULATION_QUESTIONS CASCADE CONSTRAINTS;
DROP TABLE TB_EMOTION_LOGS CASCADE CONSTRAINTS;
DROP TABLE TB_COUNSELING_SESSIONS CASCADE CONSTRAINTS;
DROP TABLE TB_LOGIN_HISTORY CASCADE CONSTRAINTS;
DROP TABLE TB_USER_SOCIAL_LOGIN CASCADE CONSTRAINTS;
DROP TABLE TB_USER_FACE_LOGIN CASCADE CONSTRAINTS;
DROP TABLE TB_CONTENTS CASCADE CONSTRAINTS;
DROP TABLE TB_COMMENTS CASCADE CONSTRAINTS;
DROP TABLE TB_INQUIRIES CASCADE CONSTRAINTS;
DROP TABLE TB_SYSTEM_LOGS CASCADE CONSTRAINTS;
DROP TABLE TB_COMMON_QUESTIONS CASCADE CONSTRAINTS;
DROP TABLE TB_USER_REWARDS CASCADE CONSTRAINTS;
DROP TABLE TB_QUEST_REWARDS CASCADE CONSTRAINTS;
DROP TABLE TB_USER_POINTS CASCADE CONSTRAINTS;
DROP TABLE TB_SIMULATION_SCENARIOS CASCADE CONSTRAINTS;
DROP TABLE TB_NOTICES CASCADE CONSTRAINTS;
DROP TABLE TB_EMOTIONS CASCADE CONSTRAINTS;
DROP TABLE TB_GUIDANCE_TYPES CASCADE CONSTRAINTS;
DROP TABLE TB_REFRESH_TOKENS CASCADE CONSTRAINTS;
DROP TABLE TB_QUEST_STEPS CASCADE CONSTRAINTS;
DROP TABLE TB_QUEST_RECOMMENDATIONS CASCADE CONSTRAINTS;
DROP TABLE TB_USER_QUEST_STATS CASCADE CONSTRAINTS;
DROP TABLE TB_PSYCHOLOGICAL_SCALE_ANSWERS CASCADE CONSTRAINTS;
DROP TABLE TB_PSYCHOLOGICAL_SCALE_RESULTS CASCADE CONSTRAINTS;
DROP TABLE TB_PERSONALITY_TEST_ANSWERS CASCADE CONSTRAINTS;
DROP TABLE TB_PSYCHOLOGICAL_TEST_ANSWERS CASCADE CONSTRAINTS;
DROP TABLE TB_PERSONALITY_ANALYSIS CASCADE CONSTRAINTS;
DROP TABLE TB_PSYCHOLOGICAL_ANALYSIS CASCADE CONSTRAINTS;
DROP TABLE TB_TEST_QUESTIONS CASCADE CONSTRAINTS;
DROP TABLE TB_SIMULATION_USER_RESULTS CASCADE CONSTRAINTS;
DROP TABLE TB_QUEST_STEPS CASCADE CONSTRAINTS;
DROP TABLE TB_EMOTION_QUEST_RECOMM CASCADE CONSTRAINTS;
DROP TABLE TB_QUEST_RECOMMENDATIONS CASCADE CONSTRAINTS;
DROP TABLE TB_USER_QUEST_STATS CASCADE CONSTRAINTS;
DROP TABLE TB_EMOTION_CONTENT_RECOMM CASCADE CONSTRAINTS;
DROP TABLE TB_CONTENT_RECOMMENDATIONS CASCADE CONSTRAINTS;

-- 마지막에 부모 테이블 삭제
DROP TABLE TB_USERS CASCADE CONSTRAINTS;
DROP TABLE TB_QUEST_ACTIVITIES CASCADE CONSTRAINTS;


-- 시퀀스 생성

--CREATE SEQUENCE SEQ_USERS_USER_ID START WITH 1 INCREMENT BY 1 CACHE 20 NOMAXVALUE;
CREATE SEQUENCE SEQ_REFRESH_TOKENS_ID START WITH 1 INCREMENT BY 1 CACHE 20 NOMAXVALUE;
CREATE SEQUENCE SEQ_USER_SOCIAL_LOGIN_SOCIAL_LOGIN_ID START WITH 1 INCREMENT BY 1 CACHE 20 NOMAXVALUE;
CREATE SEQUENCE SEQ_USER_FACE_LOGIN_FACE_LOGIN_ID START WITH 1 INCREMENT BY 1 CACHE 20 NOMAXVALUE;
CREATE SEQUENCE SEQ_LOGIN_HISTORY_LOGIN_HISTORY_ID START WITH 1 INCREMENT BY 1 CACHE 20 NOMAXVALUE;
CREATE SEQUENCE SEQ_COUNSELING_SESSIONS_SESSION_ID START WITH 1 INCREMENT BY 1 CACHE 20 NOMAXVALUE;
CREATE SEQUENCE SEQ_COUNSELING_MESSAGES_MESSAGE_ID START WITH 1 INCREMENT BY 1 CACHE 20 NOMAXVALUE;
CREATE SEQUENCE SEQ_COUNSELING_ANALYSIS_SUMMARIES_SUMMARY_ID START WITH 1 INCREMENT BY 1 CACHE 20 NOMAXVALUE;
CREATE SEQUENCE SEQ_GUIDANCE_TYPES_GUIDANCE_TYPE_ID START WITH 1 INCREMENT BY 1 CACHE 20 NOMAXVALUE;
CREATE SEQUENCE SEQ_EMOTIONS_EMOTION_ID START WITH 1 INCREMENT BY 1 CACHE 20 NOMAXVALUE;
CREATE SEQUENCE SEQ_EMOTION_LOGS_EMOTION_LOG_ID START WITH 1 INCREMENT BY 1 CACHE 20 NOMAXVALUE;
CREATE SEQUENCE SEQ_TEST_QUESTIONS_QUESTION_ID START WITH 1 INCREMENT BY 1 CACHE 20 NOMAXVALUE;
CREATE SEQUENCE SEQ_PERSONALITY_TEST_ANSWERS_ANSWER_ID START WITH 1 INCREMENT BY 1 CACHE 20 NOMAXVALUE;
CREATE SEQUENCE SEQ_PERSONALITY_ANALYSIS_PERSONALITY_ID START WITH 1 INCREMENT BY 1 CACHE 20 NOMAXVALUE;
CREATE SEQUENCE SEQ_PSYCHOLOGICAL_TEST_ANSWERS_ANSWER_ID START WITH 1 INCREMENT BY 1 CACHE 20 NOMAXVALUE;
CREATE SEQUENCE SEQ_PSYCHOLOGICAL_ANALYSIS_PSYCHO_ID START WITH 1 INCREMENT BY 1 CACHE 20 NOMAXVALUE;
CREATE SEQUENCE SEQ_USER_ANALYSIS_SUMMARY_USER_SUMMARY_ID START WITH 1 INCREMENT BY 1 CACHE 20 NOMAXVALUE;
CREATE SEQUENCE SEQ_QUEST_QUEST_ID START WITH 1 INCREMENT BY 1 CACHE 20 NOMAXVALUE;
CREATE SEQUENCE SEQ_QUEST_REWARDS_QUEST_ID START WITH 1 INCREMENT BY 1 CACHE 20 NOMAXVALUE;
CREATE SEQUENCE SEQ_CONTENTS_CONTENT_ID START WITH 1 INCREMENT BY 1 CACHE 20 NOMAXVALUE;
CREATE SEQUENCE SEQ_SIMULATION_SCENARIOS_SCENARIO_ID START WITH 1 INCREMENT BY 1 CACHE 20 NOMAXVALUE;
CREATE SEQUENCE SEQ_SIMULATION_SETTINGS_SETTING_ID START WITH 1 INCREMENT BY 1 CACHE 20 NOMAXVALUE;
CREATE SEQUENCE SEQ_SIMULATION_QUESTIONS_QUESTION_ID START WITH 1 INCREMENT BY 1 CACHE 20 NOMAXVALUE;
CREATE SEQUENCE SEQ_SIMULATION_CHOICES_CHOICE_ID START WITH 1 INCREMENT BY 1 CACHE 20 NOMAXVALUE;
CREATE SEQUENCE SEQ_SIMULATION_RESULTS_RESULT_ID START WITH 1 INCREMENT BY 1 CACHE 20 NOMAXVALUE;
CREATE SEQUENCE SEQ_NOTICES_NOTICE_NO START WITH 1 INCREMENT BY 1 CACHE 20 NOMAXVALUE;
CREATE SEQUENCE SEQ_INQUIRIES_INQUIRY_ID START WITH 1 INCREMENT BY 1 CACHE 20 NOMAXVALUE;
CREATE SEQUENCE SEQ_COMMENTS_COMMENT_ID START WITH 1 INCREMENT BY 1 CACHE 20 NOMAXVALUE;
CREATE SEQUENCE SEQ_SYSTEM_LOGS_LOG_ID START WITH 1 INCREMENT BY 1 CACHE 20 NOMAXVALUE;
CREATE SEQUENCE SEQ_ANALYSIS_TYPES_ANALYSIS_TYPE_ID START WITH 1 INCREMENT BY 1 CACHE 20 NOMAXVALUE;
CREATE SEQUENCE SEQ_PERSONALITY_TESTS_PERSONALITY_TEST_ID START WITH 1 INCREMENT BY 1 CACHE 20 NOMAXVALUE;
CREATE SEQUENCE SEQ_PSYCHOLOGICAL_TESTS_PSYCHO_TEST_ID START WITH 1 INCREMENT BY 1 CACHE 20 NOMAXVALUE;
CREATE SEQUENCE SEQ_CONTENT_RECOMMENDATIONS_RECOMMENDATION_ID START WITH 1 INCREMENT BY 1 CACHE 20 NOMAXVALUE;
CREATE SEQUENCE SEQ_USER_REWARDS_USER_REWARD_ID START WITH 1 INCREMENT BY 1 CACHE 20 NOMAXVALUE;
-- 추가
CREATE SEQUENCE PSYCHOLOGICAL_ANALYSIS_SEQ
    START WITH 1
    INCREMENT BY 1
    NOCACHE
NOCYCLE;

CREATE SEQUENCE ANSWER_SEQ
    START WITH 1
    INCREMENT BY 1
    NOCACHE
NOCYCLE;

CREATE SEQUENCE RESULT_SEQ
    START WITH 1
    INCREMENT BY 1
    NOCACHE
NOCYCLE;

CREATE SEQUENCE PSYCHOLOGICAL_ANSWER_SEQ
    START WITH 1
    INCREMENT BY 1
    NOCACHE
NOCYCLE;

CREATE SEQUENCE QUESTION_SEQ
    START WITH 1
    INCREMENT BY 1
    NOCACHE
NOCYCLE;

CREATE SEQUENCE SIM_RESULT_SEQ
    START WITH 1
    INCREMENT BY 1;
commit;

CREATE SEQUENCE SETTING_SEQ
    START WITH 1
    INCREMENT BY 1;
commit;

CREATE SEQUENCE TB_PERSONALITY_ANALYSIS_SEQ
    START WITH 1
    INCREMENT BY 1;
commit;

CREATE SEQUENCE SCENARIO_SEQ START WITH 1 INCREMENT BY 1 NOCACHE NOCYCLE;
commit;

-- for TB_PSYCHOLOGICAL_IMAGE_ANSWERS
CREATE SEQUENCE SEQ_PSYCH_IMAGE_ANSWERS_AID START WITH 1 INCREMENT BY 1 NOCACHE NOCYCLE;
commit;

-- for TB_PSYCHOLOGICAL_IMAGE_RESULTS
CREATE SEQUENCE SEQ_PSYCH_IMAGE_RESULTS_RID START WITH 1 INCREMENT BY 1 NOCACHE NOCYCLE;
commit;

-- for TB_PSYCHOLOGICAL_SCALE_ANSWERS
CREATE SEQUENCE SEQ_PSYCH_SCALE_ANSWERS_AID START WITH 1 INCREMENT BY 1 NOCACHE NOCYCLE;
commit;

-- for TB_PSYCHOLOGICAL_SCALE_RESULTS
CREATE SEQUENCE SEQ_PSYCH_SCALE_RESULTS_RID START WITH 1 INCREMENT BY 1 NOCACHE NOCYCLE;
commit;


-- TB_SIMULATION_USER_RESULTS 테이블의 ID를 자동으로 생성해 줄 시퀀스 생성
CREATE SEQUENCE TB_SIMULATION_USER_RESULTS_SEQ
    START WITH 1
    INCREMENT BY 1;

CREATE SEQUENCE TB_SIMULATION_RESULTS_SEQ
    START WITH 1
    INCREMENT BY 1;

-- 테이블 생성

-- 1. TB_USERS
CREATE TABLE TB_USERS (
                          USER_ID VARCHAR2(255) PRIMARY KEY,
                          PHONE VARCHAR2(100),
                          USER_PWD VARCHAR2(255),
                          USERNAME VARCHAR2(50) NOT NULL,
                          PROFILE_IMAGE VARCHAR2(4000), -- 프로필 사진 (페이스 로그인과 별도)
                          EMAIL VARCHAR2(100), -- 이메일 (선택사항으로 변경)
                          FACE_LOGIN_ENABLED NUMBER(1) DEFAULT 0, -- 페이스 로그인 활성화 여부
                          CREATED_AT DATE DEFAULT SYSDATE NOT NULL,
                          UPDATED_AT DATE,
                          STATUS NUMBER(1) DEFAULT 1 NOT NULL,
                          ADMIN_YN VARCHAR2(1) DEFAULT 'N',

                          CONSTRAINT CHK_TB_USERS_STATUS CHECK (STATUS IN (1, 0, 2)),
                          CONSTRAINT CHK_ADMIN_YN CHECK (ADMIN_YN IN ('Y', 'N')),
                          CONSTRAINT CHK_FACE_LOGIN_ENABLED CHECK (FACE_LOGIN_ENABLED IN (1, 0))
);

COMMENT ON TABLE TB_USERS IS '사용자 계정 정보';
COMMENT ON COLUMN TB_USERS.USER_ID IS '사용자 고유 식별자';
COMMENT ON COLUMN TB_USERS.PHONE IS '전화번호';
COMMENT ON COLUMN TB_USERS.USER_PWD IS '해시된 비밀번호 (자체 로그인)';
COMMENT ON COLUMN TB_USERS.USERNAME IS '사용자 이름';
COMMENT ON COLUMN TB_USERS.PROFILE_IMAGE IS '프로필 사진 이미지 (페이스 로그인과 별도)';
COMMENT ON COLUMN TB_USERS.EMAIL IS '사용자 이메일 주소 (선택사항)';
COMMENT ON COLUMN TB_USERS.FACE_LOGIN_ENABLED IS '페이스 로그인 활성화 여부 (1: 활성, 0: 비활성)';
COMMENT ON COLUMN TB_USERS.CREATED_AT IS '계정 생성 시간';
COMMENT ON COLUMN TB_USERS.UPDATED_AT IS '계정 정보 수정 시간';
COMMENT ON COLUMN TB_USERS.STATUS IS '계정 상태 (1: 활성, 0: 탈퇴, 2: 비활성)';
COMMENT ON COLUMN TB_USERS.ADMIN_YN IS '관리자 권한 여부';

-- 2. TB_REFRESH_TOKENS
CREATE TABLE TB_REFRESH_TOKENS (
                                   ID VARCHAR2(36) PRIMARY KEY,
                                   USER_ID VARCHAR2(255) NOT NULL,
                                   TOKEN_VALUE VARCHAR2(255) NOT NULL UNIQUE,
                                   CONSTRAINT FK_RT_USER_ID FOREIGN KEY (USER_ID) REFERENCES TB_USERS(USER_ID) ON DELETE CASCADE
);

COMMENT ON COLUMN TB_REFRESH_TOKENS.ID IS '등록용 ID';
COMMENT ON COLUMN TB_REFRESH_TOKENS.USER_ID IS '사용자 고유 ID (외래키)';
COMMENT ON COLUMN TB_REFRESH_TOKENS.TOKEN_VALUE IS '리프레시 토큰 값';

-- 3. TB_USER_SOCIAL_LOGIN
CREATE TABLE TB_USER_SOCIAL_LOGIN (
                                      SOCIAL_LOGIN_ID NUMBER(19) PRIMARY KEY,
                                      USER_ID VARCHAR2(255) NOT NULL,
                                      PROVIDER VARCHAR2(50) NOT NULL,
                                      SOCIAL_ID VARCHAR2(100) NOT NULL,
                                      LINKED_AT DATE DEFAULT SYSDATE NOT NULL,

                                      CONSTRAINT FK_SOCIAL_USER FOREIGN KEY (USER_ID) REFERENCES TB_USERS(USER_ID),
                                      CONSTRAINT UK_SOCIAL_PROVIDER_ID UNIQUE (PROVIDER, SOCIAL_ID)
);

COMMENT ON TABLE TB_USER_SOCIAL_LOGIN IS '소셜 로그인 연동 정보';
COMMENT ON COLUMN TB_USER_SOCIAL_LOGIN.SOCIAL_LOGIN_ID IS '소셜 로그인 고유 식별자';
COMMENT ON COLUMN TB_USER_SOCIAL_LOGIN.USER_ID IS 'TB_USERS 테이블의 사용자 ID (FK)';
COMMENT ON COLUMN TB_USER_SOCIAL_LOGIN.PROVIDER IS '소셜 로그인 제공자 (예: GOOGLE, KAKAO)';
COMMENT ON COLUMN TB_USER_SOCIAL_LOGIN.SOCIAL_ID IS '소셜 로그인 플랫폼에서의 고유 ID';
COMMENT ON COLUMN TB_USER_SOCIAL_LOGIN.LINKED_AT IS '소셜 로그인 계정이 연동된 시간';

ALTER TABLE TB_USER_SOCIAL_LOGIN ADD SOCIAL_EMAIL VARCHAR2(100);

-- 4. TB_USER_FACE_LOGIN
CREATE TABLE TB_USER_FACE_LOGIN (
                                    FACE_LOGIN_ID NUMBER(19) PRIMARY KEY,
                                    USER_ID VARCHAR2(255) NOT NULL,
                                    FACE_ID_HASH VARCHAR2(255) NOT NULL,
                                    FACE_IMAGE_PATH VARCHAR2(500), -- 실제 이미지 파일 경로 (선택사항)
                                    FACE_NAME VARCHAR2(100), -- 얼굴 등록명 (예: "정면", "측면" 등)
                                    REGISTERED_AT DATE DEFAULT SYSDATE NOT NULL,
                                    LAST_USED_AT DATE,
                                    IS_ACTIVE NUMBER(1) DEFAULT 1 NOT NULL,
                                    CREATED_BY VARCHAR2(255), -- 등록한 사용자 (관리자 등록 시)

                                    CONSTRAINT FK_FACE_USER FOREIGN KEY (USER_ID) REFERENCES TB_USERS(USER_ID) ON DELETE CASCADE,
    -- CONSTRAINT UK_FACE_USER UNIQUE (USER_ID), -- 제거: 여러 얼굴 등록 허용
                                    CONSTRAINT CHK_FACE_ACTIVE CHECK (IS_ACTIVE IN (1, 0))
);

COMMENT ON TABLE TB_USER_FACE_LOGIN IS '사용자의 얼굴 인식 로그인 정보';
COMMENT ON COLUMN TB_USER_FACE_LOGIN.FACE_LOGIN_ID IS '얼굴 로그인 고유 식별자';
COMMENT ON COLUMN TB_USER_FACE_LOGIN.USER_ID IS 'TB_USERS 테이블의 사용자 ID (FK)';
COMMENT ON COLUMN TB_USER_FACE_LOGIN.FACE_ID_HASH IS '얼굴 특징값 해시 (민감정보 보호)';
COMMENT ON COLUMN TB_USER_FACE_LOGIN.FACE_IMAGE_PATH IS '얼굴 이미지 파일 경로 (선택사항)';
COMMENT ON COLUMN TB_USER_FACE_LOGIN.FACE_NAME IS '얼굴 등록명 (예: 정면, 측면)';
COMMENT ON COLUMN TB_USER_FACE_LOGIN.REGISTERED_AT IS '얼굴 로그인 등록 시간';
COMMENT ON COLUMN TB_USER_FACE_LOGIN.LAST_USED_AT IS '최근 얼굴 로그인 시도 시간';
COMMENT ON COLUMN TB_USER_FACE_LOGIN.IS_ACTIVE IS '얼굴 로그인 사용 상태 (1: 활성, 0: 비활성)';
COMMENT ON COLUMN TB_USER_FACE_LOGIN.CREATED_BY IS '얼굴 등록한 사용자 (관리자 등록 시)';


-- 5. TB_LOGIN_HISTORY
CREATE TABLE TB_LOGIN_HISTORY (
                                  LOGIN_HISTORY_ID NUMBER(19) PRIMARY KEY,
                                  USER_ID VARCHAR2(255) NOT NULL,
                                  LOGIN_TIME TIMESTAMP DEFAULT SYSTIMESTAMP NOT NULL,
                                  LOGOUT_TIME TIMESTAMP NULL,
                                  IP_ADDRESS VARCHAR2(45),
                                  USER_AGENT VARCHAR2(255),
                                  LOGIN_RESULT VARCHAR2(20) NOT NULL,
                                  CREATED_AT TIMESTAMP DEFAULT SYSTIMESTAMP NOT NULL,

                                  CONSTRAINT FK_LOGIN_USER FOREIGN KEY (USER_ID) REFERENCES TB_USERS(USER_ID) ON DELETE CASCADE
);

COMMENT ON TABLE TB_LOGIN_HISTORY IS '사용자 로그인 이력 기록';
COMMENT ON COLUMN TB_LOGIN_HISTORY.LOGIN_HISTORY_ID IS '로그인 이력 고유 식별자';
COMMENT ON COLUMN TB_LOGIN_HISTORY.USER_ID IS 'TB_USERS 테이블의 사용자 ID 참조';
COMMENT ON COLUMN TB_LOGIN_HISTORY.LOGIN_TIME IS '로그인 시각';
COMMENT ON COLUMN TB_LOGIN_HISTORY.LOGOUT_TIME IS '로그아웃 시각';
COMMENT ON COLUMN TB_LOGIN_HISTORY.IP_ADDRESS IS '사용자 접속 IP 주소';
COMMENT ON COLUMN TB_LOGIN_HISTORY.USER_AGENT IS '사용자 브라우저 및 디바이스 정보';
COMMENT ON COLUMN TB_LOGIN_HISTORY.LOGIN_RESULT IS '로그인 결과 (예: SUCCESS, FAIL)';
COMMENT ON COLUMN TB_LOGIN_HISTORY.CREATED_AT IS '로그 생성 시각';



-- 6. TB_COUNSELING_SESSIONS
CREATE TABLE TB_COUNSELING_SESSIONS (
                                        SESSION_ID NUMBER(19) PRIMARY KEY,
                                        USER_ID VARCHAR2(255) NOT NULL,
                                        TOPIC VARCHAR2(100) NOT NULL,
                                        METHOD VARCHAR2(10) NOT NULL,
                                        START_TIME DATE NOT NULL,
                                        END_TIME DATE,
                                        CREATED_AT DATE DEFAULT SYSDATE NOT NULL,

                                        CONSTRAINT FK_COUNSELING_USER FOREIGN KEY (USER_ID) REFERENCES TB_USERS(USER_ID) ON DELETE CASCADE,
                                        CONSTRAINT CHK_COUNSELING_METHOD CHECK (METHOD IN ('TEXT', 'VOICE'))
);

COMMENT ON TABLE TB_COUNSELING_SESSIONS IS '상담 챗봇 세션 기록';
COMMENT ON COLUMN TB_COUNSELING_SESSIONS.SESSION_ID IS '상담 세션 고유 식별자';
COMMENT ON COLUMN TB_COUNSELING_SESSIONS.USER_ID IS 'TB_USERS 테이블의 사용자 ID 참조';
COMMENT ON COLUMN TB_COUNSELING_SESSIONS.TOPIC IS '상담 주제 (예: 연애, 자아성찰)';
COMMENT ON COLUMN TB_COUNSELING_SESSIONS.METHOD IS '상담 방식 (TEXT, VOICE)';
COMMENT ON COLUMN TB_COUNSELING_SESSIONS.START_TIME IS '세션 시작 시간';
COMMENT ON COLUMN TB_COUNSELING_SESSIONS.END_TIME IS '세션 종료 시간';
COMMENT ON COLUMN TB_COUNSELING_SESSIONS.CREATED_AT IS '세션 생성 시간';


-- 7. TB_COUNSELING_MESSAGES
CREATE TABLE TB_COUNSELING_MESSAGES (
                                        MESSAGE_ID NUMBER(19) PRIMARY KEY,
                                        SESSION_ID NUMBER(19) NOT NULL,
                                        SENDER VARCHAR2(50) NOT NULL,
                                        MESSAGE_TYPE VARCHAR2(10) DEFAULT 'TEXT' CHECK (MESSAGE_TYPE IN ('TEXT', 'VOICE', 'IMAGE')),
                                        MESSAGE_CONTENT VARCHAR2(2000),
                                        IMAGE_FILE_PATH VARCHAR2(255),
                                        MESSAGE_TIME DATE NOT NULL,
                                        CREATED_AT DATE DEFAULT SYSDATE NOT NULL,

                                        CONSTRAINT FK_MESSAGE_SESSION FOREIGN KEY (SESSION_ID) REFERENCES TB_COUNSELING_SESSIONS(SESSION_ID) ON DELETE CASCADE
);

COMMENT ON TABLE TB_COUNSELING_MESSAGES IS '상담 세션의 개별 메시지 기록';
COMMENT ON COLUMN TB_COUNSELING_MESSAGES.MESSAGE_ID IS '메시지 고유 식별자';
COMMENT ON COLUMN TB_COUNSELING_MESSAGES.SESSION_ID IS 'TB_COUNSELING_SESSIONS 테이블의 세션 ID 참조';
COMMENT ON COLUMN TB_COUNSELING_MESSAGES.SENDER IS '메시지 발신자 (예: USER, BOT)';
COMMENT ON COLUMN TB_COUNSELING_MESSAGES.MESSAGE_TYPE IS '메시지 유형 (TEXT, VOICE, IMAGE)';
COMMENT ON COLUMN TB_COUNSELING_MESSAGES.MESSAGE_CONTENT IS '메시지 텍스트 내용';
COMMENT ON COLUMN TB_COUNSELING_MESSAGES.IMAGE_FILE_PATH IS '이미지 파일 경로 (예: 표정 캡처)';
COMMENT ON COLUMN TB_COUNSELING_MESSAGES.MESSAGE_TIME IS '메시지 전송 시간';
COMMENT ON COLUMN TB_COUNSELING_MESSAGES.CREATED_AT IS '메시지 생성 시간';


-- 8. TB_GUIDANCE_TYPES
CREATE TABLE TB_GUIDANCE_TYPES (
                                   GUIDANCE_TYPE_ID NUMBER(19) PRIMARY KEY,
                                   GUIDANCE_TYPE_NAME VARCHAR2(100) NOT NULL,
                                   DESCRIPTION VARCHAR2(255),

                                   CONSTRAINT UK_GUIDANCE_TYPE_NAME UNIQUE (GUIDANCE_TYPE_NAME)
);

COMMENT ON TABLE TB_GUIDANCE_TYPES IS '상담 가이드 유형';
COMMENT ON COLUMN TB_GUIDANCE_TYPES.GUIDANCE_TYPE_ID IS '가이드 유형의 고유 식별자';
COMMENT ON COLUMN TB_GUIDANCE_TYPES.GUIDANCE_TYPE_NAME IS '가이드 유형 이름 (예: 자기성찰, 관계 개선)';
COMMENT ON COLUMN TB_GUIDANCE_TYPES.DESCRIPTION IS '가이드 유형에 대한 설명 (예: 유형의 목적 및 특징)';


-- 9. TB_COUNSELING_ANALYSIS_SUMMARIES
CREATE TABLE TB_COUNSELING_ANALYSIS_SUMMARIES (
                                                  SUMMARY_ID NUMBER(19) PRIMARY KEY,
                                                  SESSION_ID NUMBER(19) NOT NULL,
                                                  SUMMARY_TYPE VARCHAR2(20) NOT NULL CHECK (SUMMARY_TYPE IN ('TEXT', 'VOICE')),
                                                  GUIDANCE_TYPE_ID NUMBER(19) NOT NULL,
                                                  SUMMARY_CONTENT VARCHAR2(2000) NOT NULL,
                                                  CREATED_AT DATE DEFAULT SYSDATE NOT NULL,

                                                  CONSTRAINT FK_SUMMARY_SESSION FOREIGN KEY (SESSION_ID) REFERENCES TB_COUNSELING_SESSIONS(SESSION_ID) ON DELETE CASCADE,
                                                  CONSTRAINT FK_SUMMARY_GUIDANCE_TYPE FOREIGN KEY (GUIDANCE_TYPE_ID) REFERENCES TB_GUIDANCE_TYPES(GUIDANCE_TYPE_ID) ON DELETE CASCADE
);

COMMENT ON TABLE TB_COUNSELING_ANALYSIS_SUMMARIES IS '상담 분석 요약';
COMMENT ON COLUMN TB_COUNSELING_ANALYSIS_SUMMARIES.SUMMARY_ID IS '상담 요약의 고유 식별자';
COMMENT ON COLUMN TB_COUNSELING_ANALYSIS_SUMMARIES.SESSION_ID IS 'TB_COUNSELING_SESSIONS 테이블의 세션 ID 참조, 요약 대상 상담 세션';
COMMENT ON COLUMN TB_COUNSELING_ANALYSIS_SUMMARIES.SUMMARY_TYPE IS '상담 분석 타입 (TEXT: 텍스트 기반, VOICE: 음성 기반)';
COMMENT ON COLUMN TB_COUNSELING_ANALYSIS_SUMMARIES.GUIDANCE_TYPE_ID IS 'TB_GUIDANCE_TYPES 테이블의 가이드 유형 ID 참조, 상담 유형(예: 자기성찰, 관계 개선)';
COMMENT ON COLUMN TB_COUNSELING_ANALYSIS_SUMMARIES.SUMMARY_CONTENT IS 'AI가 생성한 요약된 상담 내용 (예: 대화 주제, 감정 분석)';
COMMENT ON COLUMN TB_COUNSELING_ANALYSIS_SUMMARIES.CREATED_AT IS '요약 생성 시간, 기본값 SYSDATE';


-- 10. TB_EMOTIONS
CREATE TABLE TB_EMOTIONS (
                             EMOTION_ID NUMBER(19) PRIMARY KEY,
                             EMOTION_NAME VARCHAR2(50) NOT NULL,
                             DESCRIPTION VARCHAR2(255),
                             CONSTRAINT UK_EMOTION_NAME UNIQUE (EMOTION_NAME)
);

COMMENT ON TABLE TB_EMOTIONS IS '감정 유형 관리';
COMMENT ON COLUMN TB_EMOTIONS.EMOTION_ID IS '감정 고유 식별자';
COMMENT ON COLUMN TB_EMOTIONS.EMOTION_NAME IS '감정 이름 (예: 기쁨, 슬픔, 분노)';
COMMENT ON COLUMN TB_EMOTIONS.DESCRIPTION IS '감정 설명';

-- TB_EMOTIONS 테이블에 감정 데이터 삽입
INSERT INTO TB_EMOTIONS (EMOTION_ID, EMOTION_NAME, DESCRIPTION) VALUES
    (SEQ_EMOTIONS_EMOTION_ID.NEXTVAL, '행복', '기쁨, 즐거움, 만족감 등 긍정적인 감정');
INSERT INTO TB_EMOTIONS (EMOTION_ID, EMOTION_NAME, DESCRIPTION) VALUES
    (SEQ_EMOTIONS_EMOTION_ID.NEXTVAL, '슬픔', '상실감, 우울함, 비애 등 부정적인 감정');
INSERT INTO TB_EMOTIONS (EMOTION_ID, EMOTION_NAME, DESCRIPTION) VALUES
    (SEQ_EMOTIONS_EMOTION_ID.NEXTVAL, '화남', '분노, 짜증, 격분 등 불쾌하고 공격적인 감정');
INSERT INTO TB_EMOTIONS (EMOTION_ID, EMOTION_NAME, DESCRIPTION) VALUES
    (SEQ_EMOTIONS_EMOTION_ID.NEXTVAL, '평온', '고요함, 안정감, 평화로움 등 차분한 감정');
INSERT INTO TB_EMOTIONS (EMOTION_ID, EMOTION_NAME, DESCRIPTION) VALUES
    (SEQ_EMOTIONS_EMOTION_ID.NEXTVAL, '불안', '걱정, 초조함, 두려움 등 불확실성에서 오는 감정');
INSERT INTO TB_EMOTIONS (EMOTION_ID, EMOTION_NAME, DESCRIPTION) VALUES
    (SEQ_EMOTIONS_EMOTION_ID.NEXTVAL, '피곤', '육체적 또는 정신적 에너지 소모로 인한 지침');
INSERT INTO TB_EMOTIONS (EMOTION_ID, EMOTION_NAME, DESCRIPTION) VALUES
    (SEQ_EMOTIONS_EMOTION_ID.NEXTVAL, '고민', '어떤 문제에 대해 깊이 생각하고 해결책을 찾으려는
감정');
INSERT INTO TB_EMOTIONS (EMOTION_ID, EMOTION_NAME, DESCRIPTION) VALUES
    (SEQ_EMOTIONS_EMOTION_ID.NEXTVAL, '자신감', '스스로의 능력이나 가치에 대한 믿음, 확신');


-- 11. TB_EMOTION_LOGS
CREATE TABLE TB_EMOTION_LOGS (
                                 EMOTION_LOG_ID NUMBER(19) PRIMARY KEY,
                                 USER_ID VARCHAR2(255) NOT NULL,
                                 EMOTION_ID NUMBER(19) NOT NULL,
                                 TEXT_CONTENT VARCHAR2(2000),
                                 CREATED_AT DATE DEFAULT SYSDATE NOT NULL,
                                 UPDATED_AT DATE,
                                 CONSTRAINT FK_EMOTION_USER FOREIGN KEY (USER_ID) REFERENCES TB_USERS(USER_ID) ON DELETE CASCADE,
                                 CONSTRAINT FK_EMOTION_EMOTION FOREIGN KEY (EMOTION_ID) REFERENCES TB_EMOTIONS(EMOTION_ID) ON DELETE CASCADE
);

COMMENT ON TABLE TB_EMOTION_LOGS IS '감정 기록';
COMMENT ON COLUMN TB_EMOTION_LOGS.EMOTION_LOG_ID IS '감정 로그 고유 식별자';
COMMENT ON COLUMN TB_EMOTION_LOGS.USER_ID IS 'TB_USERS 테이블의 사용자 ID 참조';
COMMENT ON COLUMN TB_EMOTION_LOGS.EMOTION_ID IS 'TB_EMOTIONS 테이블의 감정 ID 참조';
COMMENT ON COLUMN TB_EMOTION_LOGS.TEXT_CONTENT IS '텍스트로 기록한 감정 내용 (최대 4000자)';
COMMENT ON COLUMN TB_EMOTION_LOGS.CREATED_AT IS '기록 생성 시간';
COMMENT ON COLUMN TB_EMOTION_LOGS.UPDATED_AT IS '기록 수정 시간';

-- 1. TB_COMMON_QUESTIONS (기존 TB_TEST_QUESTIONS 이름 변경 및 코멘트 수정)
CREATE TABLE TB_COMMON_QUESTIONS (
                                     QUESTION_ID     NUMBER(19)      PRIMARY KEY,
                                     TEST_TYPE       VARCHAR2(50)    NOT NULL, -- 'PERSONALITY', 'PSYCHOLOGICAL_IMAGE', 'PSYCHOLOGICAL_SCALE' 등 상위 유형
                                     QUESTION_TEXT   VARCHAR2(255) NOT NULL,
                                     IMAGE_URL       VARCHAR2(255),
                                     WEIGHT          NUMBER(5,2)     DEFAULT 1.0,
                                     CATEGORY        VARCHAR2(50), -- 'MBTI_EI', 'STRESS', 'DEPRESSION', 'IMAGE_BASED' 등 세부 카테고리
                                     SCORE_DIRECTION VARCHAR2(10),
                                     CONSTRAINT CHK_COMMON_Q_TEST_TYPE CHECK (TEST_TYPE IN ('PERSONALITY', 'PSYCHOLOGICAL_IMAGE', 'PSYCHOLOGICAL_SCALE')), -- 유형 제약조건 추가
                                     CONSTRAINT CK_COMMON_Q_SCORE_DIR CHECK (
                                         SCORE_DIRECTION IS NULL OR
                                         SCORE_DIRECTION IN ('E', 'I', 'S', 'N', 'T', 'F', 'J', 'P')
                                         )
);
COMMENT ON TABLE TB_COMMON_QUESTIONS IS '모든 유형의 심리/성격 검사 문항';
COMMENT ON COLUMN TB_COMMON_QUESTIONS.QUESTION_ID IS '문항 고유 식별자';
COMMENT ON COLUMN TB_COMMON_QUESTIONS.TEST_TYPE IS '검사 대분류 유형 (PERSONALITY, PSYCHOLOGICAL_IMAGE, PSYCHOLOGICAL_SCALE)';
COMMENT ON COLUMN TB_COMMON_QUESTIONS.QUESTION_TEXT IS '문항 내용 (텍스트 기반 문항 또는 이미지 문항의 보조 설명)';
COMMENT ON COLUMN TB_COMMON_QUESTIONS.IMAGE_URL IS '이미지 기반 문항용: 제시될 이미지 파일의 URL';
COMMENT ON COLUMN TB_COMMON_QUESTIONS.WEIGHT IS '문항의 분석 가중치 (기본값 1.0)';
COMMENT ON COLUMN TB_COMMON_QUESTIONS.CATEGORY IS '문항의 세부 카테고리 (예: STRESS, DEPRESSION, MBTI_EI, IMAGE_BASED)';
COMMENT ON COLUMN TB_COMMON_QUESTIONS.SCORE_DIRECTION IS 'MBTI 성격 검사용: 점수 가산 방향 (E, I, S, N, T, F, J, P 중 하나. 심리검사는 NULL)';

-- MBTI 성격 검사 문항 추가 SQL (총 32문항)
-- TEST_TYPE: 'PERSONALITY', WEIGHT: 1.0 (기본값)
-- SCORE_DIRECTION: E, I, S, N, T, F, J, P

-- E (외향) / I (내향) 척도 문항 (8개)
-- 'E' 지향 문항 (긍정 답변 시 E 점수 증가)
INSERT INTO TB_COMMON_QUESTIONS (QUESTION_ID, TEST_TYPE, QUESTION_TEXT, WEIGHT, CATEGORY, SCORE_DIRECTION)
VALUES (1, 'PERSONALITY', '새로운 사람들과 만나는 것이 즐겁고 에너지가 넘치나요?', 1.0, 'MBTI_E_I', 'E'); -- CATEGORY 명확화
INSERT INTO TB_COMMON_QUESTIONS (QUESTION_ID, TEST_TYPE, QUESTION_TEXT, WEIGHT, CATEGORY, SCORE_DIRECTION)
VALUES (2, 'PERSONALITY', '활동적인 모임이나 파티에 참여하는 것을 좋아하나요?', 1.0, 'MBTI_E_I', 'E');
INSERT INTO TB_COMMON_QUESTIONS (QUESTION_ID, TEST_TYPE, QUESTION_TEXT, WEIGHT, CATEGORY, SCORE_DIRECTION)
VALUES (3, 'PERSONALITY', '낯선 사람들에게 먼저 다가가고 쉽게 대화를 시작합니다.', 1.0, 'MBTI_E_I', 'E');
INSERT INTO TB_COMMON_QUESTIONS (QUESTION_ID, TEST_TYPE, QUESTION_TEXT, WEIGHT, CATEGORY, SCORE_DIRECTION)
VALUES (4, 'PERSONALITY', '대화를 통해 생각을 정리하고 표현하는 것이 더 편합니다.', 1.0, 'MBTI_E_I', 'E');

-- 'I' 지향 문항 (긍정 답변 시 I 점수 증가)
INSERT INTO TB_COMMON_QUESTIONS (QUESTION_ID, TEST_TYPE, QUESTION_TEXT, WEIGHT, CATEGORY, SCORE_DIRECTION)
VALUES (5, 'PERSONALITY', '혼자만의 시간을 가지며 깊이 생각하는 것을 즐깁니다.', 1.0, 'MBTI_E_I', 'I');
INSERT INTO TB_COMMON_QUESTIONS (QUESTION_ID, TEST_TYPE, QUESTION_TEXT, WEIGHT, CATEGORY, SCORE_DIRECTION)
VALUES (6, 'PERSONALITY', '조용하고 차분한 환경에서 에너지를 충전하는 편입니다.', 1.0, 'MBTI_E_I', 'I');
INSERT INTO TB_COMMON_QUESTIONS (QUESTION_ID, TEST_TYPE, QUESTION_TEXT, WEIGHT, CATEGORY, SCORE_DIRECTION)
VALUES (7, 'PERSONALITY', '타인과 대화하기보다 글이나 다른 방법으로 표현하는 것이 편합니다.', 1.0, 'MBTI_E_I', 'I');
INSERT INTO TB_COMMON_QUESTIONS (QUESTION_ID, TEST_TYPE, QUESTION_TEXT, WEIGHT, CATEGORY, SCORE_DIRECTION)
VALUES (8, 'PERSONALITY', '많은 사람들과 함께 있을 때 쉽게 지치거나 피로감을 느낍니다.', 1.0, 'MBTI_E_I', 'I');


-- S (감각) / N (직관) 척도 문항 (8개)
-- 'S' 지향 문항
INSERT INTO TB_COMMON_QUESTIONS (QUESTION_ID, TEST_TYPE, QUESTION_TEXT, WEIGHT, CATEGORY, SCORE_DIRECTION)
VALUES (9, 'PERSONALITY', '구체적이고 실용적인 사실에 근거하여 판단합니다.', 1.0, 'MBTI_S_N', 'S'); -- CATEGORY 명확화
INSERT INTO TB_COMMON_QUESTIONS (QUESTION_ID, TEST_TYPE, QUESTION_TEXT, WEIGHT, CATEGORY, SCORE_DIRECTION)
VALUES (10, 'PERSONALITY', '현재의 경험과 직접적인 관찰을 중요하게 생각합니다.', 1.0, 'MBTI_S_N', 'S');
INSERT INTO TB_COMMON_QUESTIONS (QUESTION_ID, TEST_TYPE, QUESTION_TEXT, WEIGHT, CATEGORY, SCORE_DIRECTION)
VALUES (11, 'PERSONALITY', '세부사항을 놓치지 않고 꼼꼼하게 처리하는 편입니다.', 1.0, 'MBTI_S_N', 'S');
INSERT INTO TB_COMMON_QUESTIONS (QUESTION_ID, TEST_TYPE, QUESTION_TEXT, WEIGHT, CATEGORY, SCORE_DIRECTION)
VALUES (12, 'PERSONALITY', '새로운 것을 배울 때, 실제 사례를 통해 배우는 것을 선호합니다.', 1.0, 'MBTI_S_N', 'S');

-- 'N' 지향 문항
INSERT INTO TB_COMMON_QUESTIONS (QUESTION_ID, TEST_TYPE, QUESTION_TEXT, WEIGHT, CATEGORY, SCORE_DIRECTION)
VALUES (13, 'PERSONALITY', '미래의 가능성이나 숨겨진 의미를 탐구하는 데 흥미를 느낍니다.', 1.0, 'MBTI_S_N', 'N');
INSERT INTO TB_COMMON_QUESTIONS (QUESTION_ID, TEST_TYPE, QUESTION_TEXT, WEIGHT, CATEGORY, SCORE_DIRECTION)
VALUES (14, 'PERSONALITY', '직관과 영감을 통해 새로운 아이디어를 잘 떠올립니다.', 1.0, 'MBTI_S_N', 'N');
INSERT INTO TB_COMMON_QUESTIONS (QUESTION_ID, TEST_TYPE, QUESTION_TEXT, WEIGHT, CATEGORY, SCORE_DIRECTION)
VALUES (15, 'PERSONALITY', '추상적인 개념이나 이론적인 논의를 즐기는 편입니다.', 1.0, 'MBTI_S_N', 'N');
INSERT INTO TB_COMMON_QUESTIONS (QUESTION_ID, TEST_TYPE, QUESTION_TEXT, WEIGHT, CATEGORY, SCORE_DIRECTION)
VALUES (16, 'PERSONALITY', '일상적인 대화보다 심오하거나 상상력이 풍부한 대화를 좋아합니다.', 1.0, 'MBTI_S_N', 'N');


-- T (사고) / F (감정) 척도 문항 (8개)
-- 'T' 지향 문항
INSERT INTO TB_COMMON_QUESTIONS (QUESTION_ID, TEST_TYPE, QUESTION_TEXT, WEIGHT, CATEGORY, SCORE_DIRECTION)
VALUES (17, 'PERSONALITY', '결정을 내릴 때 논리와 객관적인 분석을 가장 중요하게 생각합니다.', 1.0, 'MBTI_T_F', 'T'); -- CATEGORY 명확화
INSERT INTO TB_COMMON_QUESTIONS (QUESTION_ID, TEST_TYPE, QUESTION_TEXT, WEIGHT, CATEGORY, SCORE_DIRECTION)
VALUES (18, 'PERSONALITY', '비판적이고 분석적인 사고를 통해 문제를 해결하는 것을 선호합니다.', 1.0, 'MBTI_T_F', 'T');
INSERT INTO TB_COMMON_QUESTIONS (QUESTION_ID, TEST_TYPE, QUESTION_TEXT, WEIGHT, CATEGORY, SCORE_DIRECTION)
VALUES (19, 'PERSONALITY', '원칙과 공정성을 중요하게 여기며, 감정적인 요소에 휘둘리지 않습니다.', 1.0, 'MBTI_T_F', 'T');
INSERT INTO TB_COMMON_QUESTIONS (QUESTION_ID, TEST_TYPE, QUESTION_TEXT, WEIGHT, CATEGORY, SCORE_DIRECTION)
VALUES (20, 'PERSONALITY', '타인에게 솔직하고 직설적인 피드백을 주는 편입니다.', 1.0, 'MBTI_T_F', 'T');

-- 'F' 지향 문항
INSERT INTO TB_COMMON_QUESTIONS (QUESTION_ID, TEST_TYPE, QUESTION_TEXT, WEIGHT, CATEGORY, SCORE_DIRECTION)
VALUES (21, 'PERSONALITY', '결정을 내릴 때 사람들의 감정과 상황적인 맥락을 깊이 고려합니다.', 1.0, 'MBTI_T_F', 'F');
INSERT INTO TB_COMMON_QUESTIONS (QUESTION_ID, TEST_TYPE, QUESTION_TEXT, WEIGHT, CATEGORY, SCORE_DIRECTION)
VALUES (22, 'PERSONALITY', '타인의 감정을 공감하고 이해하는 것이 중요하다고 생각합니다.', 1.0, 'MBTI_T_F', 'F');
INSERT INTO TB_COMMON_QUESTIONS (QUESTION_ID, TEST_TYPE, QUESTION_TEXT, WEIGHT, CATEGORY, SCORE_DIRECTION)
VALUES (23, 'PERSONALITY', '조화로운 관계를 유지하고 타인의 기분을 상하게 하지 않으려 노력합니다.', 1.0, 'MBTI_T_F', 'F');
INSERT INTO TB_COMMON_QUESTIONS (QUESTION_ID, TEST_TYPE, QUESTION_TEXT, WEIGHT, CATEGORY, SCORE_DIRECTION)
VALUES (24, 'PERSONALITY', '비판보다는 칭찬과 격려를 통해 타인과 소통하는 것을 선호합니다.', 1.0, 'MBTI_T_F', 'F');


-- J (판단) / P (인식) 척도 문항 (8개)
-- 'J' 지향 문항
INSERT INTO TB_COMMON_QUESTIONS (QUESTION_ID, TEST_TYPE, QUESTION_TEXT, WEIGHT, CATEGORY, SCORE_DIRECTION)
VALUES (25, 'PERSONALITY', '계획을 세우고 그 계획에 따라 체계적으로 움직이는 것을 선호합니다.', 1.0, 'MBTI_J_P', 'J'); -- CATEGORY 명확화
INSERT INTO TB_COMMON_QUESTIONS (QUESTION_ID, TEST_TYPE, QUESTION_TEXT, WEIGHT, CATEGORY, SCORE_DIRECTION)
VALUES (26, 'PERSONALITY', '정리정돈이 잘 되어 있고 마감 기한을 철저히 지킵니다.', 1.0, 'MBTI_J_P', 'J');
INSERT INTO TB_COMMON_QUESTIONS (QUESTION_ID, TEST_TYPE, QUESTION_TEXT, WEIGHT, CATEGORY, SCORE_DIRECTION)
VALUES (27, 'PERSONALITY', '결정을 신속하게 내리고 불확실한 상태를 불편해합니다.', 1.0, 'MBTI_J_P', 'J');
INSERT INTO TB_COMMON_QUESTIONS (QUESTION_ID, TEST_TYPE, QUESTION_TEXT, WEIGHT, CATEGORY, SCORE_DIRECTION)
VALUES (28, 'PERSONALITY', '미리 준비하고 예측 가능한 상황을 선호합니다.', 1.0, 'MBTI_J_P', 'J');

-- 'P' 지향 문항
INSERT INTO TB_COMMON_QUESTIONS (QUESTION_ID, TEST_TYPE, QUESTION_TEXT, WEIGHT, CATEGORY, SCORE_DIRECTION)
VALUES (29, 'PERSONALITY', '자유롭고 유연하게 상황에 맞춰 행동하는 것을 즐깁니다.', 1.0, 'MBTI_J_P', 'P');
INSERT INTO TB_COMMON_QUESTIONS (QUESTION_ID, TEST_TYPE, QUESTION_TEXT, WEIGHT, CATEGORY, SCORE_DIRECTION)
VALUES (30, 'PERSONALITY', '계획보다는 즉흥적인 활동이나 새로운 경험을 좋아합니다.', 1.0, 'MBTI_J_P', 'P');
INSERT INTO TB_COMMON_QUESTIONS (QUESTION_ID, TEST_TYPE, QUESTION_TEXT, WEIGHT, CATEGORY, SCORE_DIRECTION)
VALUES (31, 'PERSONALITY', '마감 기한보다는 선택의 여지를 남겨두고 여유롭게 일하는 편입니다.', 1.0, 'MBTI_J_P', 'P');
INSERT INTO TB_COMMON_QUESTIONS (QUESTION_ID, TEST_TYPE, QUESTION_TEXT, WEIGHT, CATEGORY, SCORE_DIRECTION)
VALUES (32, 'PERSONALITY', '새로운 정보에 열려 있으며, 계획을 언제든 변경할 수 있습니다.', 1.0, 'MBTI_J_P', 'P');

------------------------------------------------------------------------------------------------------------------------

-- 이미지-텍스트 심리 검사 문항 추가 (총 10문항)
-- TEST_TYPE: 'PSYCHOLOGICAL_IMAGE', CATEGORY: 'IMAGE_BASED', WEIGHT: 1.0, SCORE_DIRECTION: NULL
INSERT INTO TB_COMMON_QUESTIONS (QUESTION_ID, TEST_TYPE, QUESTION_TEXT, IMAGE_URL, WEIGHT, CATEGORY, SCORE_DIRECTION) VALUES
    (33, 'PSYCHOLOGICAL_IMAGE', '어둠 속 한 줄기 빛을 향해 달려가는 이 사람을 보며 어떤 감정이나 에너지를 느끼시나요?', 'analysis1.jpg', 1.0, 'IMAGE_BASED', NULL);
INSERT INTO TB_COMMON_QUESTIONS (QUESTION_ID, TEST_TYPE, QUESTION_TEXT, IMAGE_URL, WEIGHT, CATEGORY, SCORE_DIRECTION) VALUES
    (34, 'PSYCHOLOGICAL_IMAGE', '서로 다른 두 공간의 경계를 보며 어떤 단어나 느낌이 떠오르나요? 이 경계가 당신에게 어떤 의미로 다가오나요?', 'analysis2.jpg', 1.0, 'IMAGE_BASED', NULL);
INSERT INTO TB_COMMON_QUESTIONS (QUESTION_ID, TEST_TYPE, QUESTION_TEXT, IMAGE_URL, WEIGHT, CATEGORY, SCORE_DIRECTION) VALUES
    (35, 'PSYCHOLOGICAL_IMAGE', '수많은 책과 고요함으로 가득한 이 공간을 보며 어떤 생각이나 느낌에 잠기게 되나요?', 'analysis3.jpg', 1.0, 'IMAGE_BASED', NULL);
INSERT INTO TB_COMMON_QUESTIONS (QUESTION_ID, TEST_TYPE, QUESTION_TEXT, IMAGE_URL, WEIGHT, CATEGORY, SCORE_DIRECTION) VALUES
    (36, 'PSYCHOLOGICAL_IMAGE', '이 소용돌이치는 푸른 에너지를 보며, 당신의 마음속에 어떤 미지의 감정이나 미스터리가 떠오르나요?', 'analysis4.jpg', 1.0, 'IMAGE_BASED', NULL);
INSERT INTO TB_COMMON_QUESTIONS (QUESTION_ID, TEST_TYPE, QUESTION_TEXT, IMAGE_URL, WEIGHT, CATEGORY, SCORE_DIRECTION) VALUES
    (37, 'PSYCHOLOGICAL_IMAGE', '밤하늘 아래 빛나는 하트를 함께 바라보는 두 사람에게서 어떤 관계의 감정이나 이야기를 느끼시나요?', 'analysis5.jpg', 1.0, 'IMAGE_BASED', NULL);
INSERT INTO TB_COMMON_QUESTIONS (QUESTION_ID, TEST_TYPE, QUESTION_TEXT, IMAGE_URL, WEIGHT, CATEGORY, SCORE_DIRECTION) VALUES
    (38, 'PSYCHOLOGICAL_IMAGE', '어두운 숲 속을 뚫고 들어오는 빛줄기를 보며 어떤 희망이나 안도감을 느끼시나요? 이 빛은 당신에게 어떤 의미인가요?', 'analysis6.jpg', 1.0, 'IMAGE_BASED', NULL);
INSERT INTO TB_COMMON_QUESTIONS (QUESTION_ID, TEST_TYPE, QUESTION_TEXT, IMAGE_URL, WEIGHT, CATEGORY, SCORE_DIRECTION) VALUES
    (39, 'PSYCHOLOGICAL_IMAGE', '자연과 인공적인 구조물이 조화된 이 공간에서 어떤 감정적인 반응이나 생각을 하시나요?', 'analysis7.jpg', 1.0, 'IMAGE_BASED', NULL);
INSERT INTO TB_COMMON_QUESTIONS (QUESTION_ID, TEST_TYPE, QUESTION_TEXT, IMAGE_URL, WEIGHT, CATEGORY, SCORE_DIRECTION) VALUES
    (40, 'PSYCHOLOGICAL_IMAGE', '고요한 해변의 등대를 보며 어떤 감정이나 심리적 안정감을 느끼시나요? 이 등대는 당신에게 무엇을 의미하나요?', 'analysis8.jpg', 1.0, 'IMAGE_BASED', NULL);
INSERT INTO TB_COMMON_QUESTIONS (QUESTION_ID, TEST_TYPE, QUESTION_TEXT, IMAGE_URL, WEIGHT, CATEGORY, SCORE_DIRECTION) VALUES
    (41, 'PSYCHOLOGICAL_IMAGE', '끝없이 이어지는 듯한 나선형 구조를 보며 어떤 심리적 압박감이나 해방감을 느끼시나요?', 'analysis9.jpg', 1.0, 'IMAGE_BASED', NULL);
INSERT INTO TB_COMMON_QUESTIONS (QUESTION_ID, TEST_TYPE, QUESTION_TEXT, IMAGE_URL, WEIGHT, CATEGORY, SCORE_DIRECTION) VALUES
    (42, 'PSYCHOLOGICAL_IMAGE', '산속 외딴집과 길을 걷는 사람의 모습을 보며, 당신의 마음속에 어떤 자유로움이나 외로움이 떠오르나요?', 'analysis10.jpg', 1.0, 'IMAGE_BASED', NULL);

------------------------------------------------------------------------------------------------------------------------

-- 우울증 검사 문항 추가 (총 10문항)
-- TEST_TYPE: 'PSYCHOLOGICAL_SCALE', CATEGORY: 'DEPRESSION_SCALE', WEIGHT: 1.0, IMAGE_URL: NULL, SCORE_DIRECTION: NULL
INSERT INTO TB_COMMON_QUESTIONS (QUESTION_ID, TEST_TYPE, QUESTION_TEXT, IMAGE_URL, WEIGHT, CATEGORY, SCORE_DIRECTION)
VALUES (43, 'PSYCHOLOGICAL_SCALE', '지난 2주 동안, 흥미나 즐거움을 느끼지 못하셨습니까?', NULL, 1.0, 'DEPRESSION_SCALE', NULL);

INSERT INTO TB_COMMON_QUESTIONS (QUESTION_ID, TEST_TYPE, QUESTION_TEXT, IMAGE_URL, WEIGHT, CATEGORY, SCORE_DIRECTION)
VALUES (44, 'PSYCHOLOGICAL_SCALE', '지난 2주 동안, 기분이 가라앉거나 우울하거나 희망이 없었습니까?', NULL, 1.0, 'DEPRESSION_SCALE', NULL);

INSERT INTO TB_COMMON_QUESTIONS (QUESTION_ID, TEST_TYPE, QUESTION_TEXT, IMAGE_URL, WEIGHT, CATEGORY, SCORE_DIRECTION)
VALUES (45, 'PSYCHOLOGICAL_SCALE', '지난 2주 동안, 잠들기가 어렵거나 잠을 너무 많이 잤습니까?', NULL, 1.0, 'DEPRESSION_SCALE', NULL);

INSERT INTO TB_COMMON_QUESTIONS (QUESTION_ID, TEST_TYPE, QUESTION_TEXT, IMAGE_URL, WEIGHT, CATEGORY, SCORE_DIRECTION)
VALUES (46, 'PSYCHOLOGICAL_SCALE', '지난 2주 동안, 피로감을 느끼거나 기운이 없었습니까?', NULL, 1.0, 'DEPRESSION_SCALE', NULL);

INSERT INTO TB_COMMON_QUESTIONS (QUESTION_ID, TEST_TYPE, QUESTION_TEXT, IMAGE_URL, WEIGHT, CATEGORY, SCORE_DIRECTION)
VALUES (47, 'PSYCHOLOGICAL_SCALE', '지난 2주 동안, 식욕이 없거나 과식했습니까?', NULL, 1.0, 'DEPRESSION_SCALE', NULL);

INSERT INTO TB_COMMON_QUESTIONS (QUESTION_ID, TEST_TYPE, QUESTION_TEXT, IMAGE_URL, WEIGHT, CATEGORY, SCORE_DIRECTION)
VALUES (48, 'PSYCHOLOGICAL_SCALE', '지난 2주 동안, 스스로를 실패자라고 느끼거나 가족을 실망시켰다고 생각했습니까?', NULL, 1.0, 'DEPRESSION_SCALE', NULL);

INSERT INTO TB_COMMON_QUESTIONS (QUESTION_ID, TEST_TYPE, QUESTION_TEXT, IMAGE_URL, WEIGHT, CATEGORY, SCORE_DIRECTION)
VALUES (49, 'PSYCHOLOGICAL_SCALE', '지난 2주 동안, 집중하기가 어렵거나 신문이나 TV를 보기 어려웠습니까?', NULL, 1.0, 'DEPRESSION_SCALE', NULL);

INSERT INTO TB_COMMON_QUESTIONS (QUESTION_ID, TEST_TYPE, QUESTION_TEXT, IMAGE_URL, WEIGHT, CATEGORY, SCORE_DIRECTION)
VALUES (50, 'PSYCHOLOGICAL_SCALE', '지난 2주 동안, 다른 사람들이 눈치 챌 정도로 말이나 행동이 느려졌거나, 반대로 너무 안절부절못했습니까?', NULL, 1.0, 'DEPRESSION_SCALE', NULL);

INSERT INTO TB_COMMON_QUESTIONS (QUESTION_ID, TEST_TYPE, QUESTION_TEXT, IMAGE_URL, WEIGHT, CATEGORY, SCORE_DIRECTION)
VALUES (51, 'PSYCHOLOGICAL_SCALE', '지난 2주 동안, 자해하거나 스스로에게 상처를 입힐 생각을 했습니까?', NULL, 1.0, 'DEPRESSION_SCALE', NULL);

INSERT INTO TB_COMMON_QUESTIONS (QUESTION_ID, TEST_TYPE, QUESTION_TEXT, IMAGE_URL, WEIGHT, CATEGORY, SCORE_DIRECTION)
VALUES (52, 'PSYCHOLOGICAL_SCALE', '지난 2주 동안, 어떤 일로 인해 당신의 직장, 학업, 가사 활동에 지장이 있었습니까?', NULL, 1.0, 'DEPRESSION_SCALE', NULL);

-- 우울증 검사 추가 문항 (20문항)
-- TEST_TYPE: 'PSYCHOLOGICAL_SCALE', CATEGORY: 'DEPRESSION_SCALE'
INSERT INTO TB_COMMON_QUESTIONS (QUESTION_ID, TEST_TYPE, QUESTION_TEXT, WEIGHT, CATEGORY) VALUES (53, 'PSYCHOLOGICAL_SCALE', '지난 2주 동안, 불안하거나 걱정에 휩싸인다고 느꼈습니까?', 1.0, 'DEPRESSION_SCALE');
INSERT INTO TB_COMMON_QUESTIONS (QUESTION_ID, TEST_TYPE, QUESTION_TEXT, WEIGHT, CATEGORY) VALUES (54, 'PSYCHOLOGICAL_SCALE', '지난 2주 동안, 모든 것이 큰 노력처럼 느껴졌습니까?', 1.0, 'DEPRESSION_SCALE');
INSERT INTO TB_COMMON_QUESTIONS (QUESTION_ID, TEST_TYPE, QUESTION_TEXT, WEIGHT, CATEGORY) VALUES (55, 'PSYCHOLOGICAL_SCALE', '지난 2주 동안, 갑자기 눈물이 나거나 울고 싶다고 느꼈습니까?', 1.0, 'DEPRESSION_SCALE');
INSERT INTO TB_COMMON_QUESTIONS (QUESTION_ID, TEST_TYPE, QUESTION_TEXT, WEIGHT, CATEGORY) VALUES (56, 'PSYCHOLOGICAL_SCALE', '지난 2주 동안, 사소한 일에도 쉽게 짜증이 나거나 화가 났습니까?', 1.0, 'DEPRESSION_SCALE');
INSERT INTO TB_COMMON_QUESTIONS (QUESTION_ID, TEST_TYPE, QUESTION_TEXT, WEIGHT, CATEGORY) VALUES (57, 'PSYCHOLOGICAL_SCALE', '지난 2주 동안, 미래에 대해 비관적이거나 절망적이라고 느꼈습니까?', 1.0, 'DEPRESSION_SCALE');
INSERT INTO TB_COMMON_QUESTIONS (QUESTION_ID, TEST_TYPE, QUESTION_TEXT, WEIGHT, CATEGORY) VALUES (58, 'PSYCHOLOGICAL_SCALE', '지난 2주 동안, 예전에는 즐거웠던 사회적 모임이나 활동을 피하고 싶었습니까?', 1.0, 'DEPRESSION_SCALE');
INSERT INTO TB_COMMON_QUESTIONS (QUESTION_ID, TEST_TYPE, QUESTION_TEXT, WEIGHT, CATEGORY) VALUES (59, 'PSYCHOLOGICAL_SCALE', '지난 2주 동안, 다른 사람들로부터 소외되거나 단절된 느낌을 받았습니까?', 1.0, 'DEPRESSION_SCALE');
INSERT INTO TB_COMMON_QUESTIONS (QUESTION_ID, TEST_TYPE, QUESTION_TEXT, WEIGHT, CATEGORY) VALUES (60, 'PSYCHOLOGICAL_SCALE', '지난 2주 동안, 간단한 결정을 내리는 것조차 어렵다고 느꼈습니까?', 1.0, 'DEPRESSION_SCALE');
INSERT INTO TB_COMMON_QUESTIONS (QUESTION_ID, TEST_TYPE, QUESTION_TEXT, WEIGHT, CATEGORY) VALUES (61, 'PSYCHOLOGICAL_SCALE', '지난 2주 동안, 스스로가 다른 사람들에게 짐이 된다고 느꼈습니까?', 1.0, 'DEPRESSION_SCALE');
INSERT INTO TB_COMMON_QUESTIONS (QUESTION_ID, TEST_TYPE, QUESTION_TEXT, WEIGHT, CATEGORY) VALUES (62, 'PSYCHOLOGICAL_SCALE', '지난 2주 동안, 일상적인 집안일이나 개인 위생을 돌보는 것이 힘들었습니까?', 1.0, 'DEPRESSION_SCALE');
INSERT INTO TB_COMMON_QUESTIONS (QUESTION_ID, TEST_TYPE, QUESTION_TEXT, WEIGHT, CATEGORY) VALUES (63, 'PSYCHOLOGICAL_SCALE', '지난 2주 동안, 감정적으로 무감각하거나 텅 빈 느낌이 들었습니까?', 1.0, 'DEPRESSION_SCALE');
INSERT INTO TB_COMMON_QUESTIONS (QUESTION_ID, TEST_TYPE, QUESTION_TEXT, WEIGHT, CATEGORY) VALUES (64, 'PSYCHOLOGICAL_SCALE', '지난 2주 동안, 설명할 수 없는 두통, 소화 불량, 통증 등을 겪었습니까?', 1.0, 'DEPRESSION_SCALE');
INSERT INTO TB_COMMON_QUESTIONS (QUESTION_ID, TEST_TYPE, QUESTION_TEXT, WEIGHT, CATEGORY) VALUES (65, 'PSYCHOLOGICAL_SCALE', '지난 2주 동안, 부정적인 생각이 머릿속을 맴돌아 떨쳐내기 어려웠습니까?', 1.0, 'DEPRESSION_SCALE');
INSERT INTO TB_COMMON_QUESTIONS (QUESTION_ID, TEST_TYPE, QUESTION_TEXT, WEIGHT, CATEGORY) VALUES (66, 'PSYCHOLOGICAL_SCALE', '지난 2주 동안, 사소한 것들을 기억하는 데 어려움을 겪었습니까?', 1.0, 'DEPRESSION_SCALE');
INSERT INTO TB_COMMON_QUESTIONS (QUESTION_ID, TEST_TYPE, QUESTION_TEXT, WEIGHT, CATEGORY) VALUES (67, 'PSYCHOLOGICAL_SCALE', '지난 2주 동안, 스스로에 대한 자신감을 잃었습니까?', 1.0, 'DEPRESSION_SCALE');
INSERT INTO TB_COMMON_QUESTIONS (QUESTION_ID, TEST_TYPE, QUESTION_TEXT, WEIGHT, CATEGORY) VALUES (68, 'PSYCHOLOGICAL_SCALE', '지난 2주 동안, 다시는 좋은 일이 일어나지 않을 것이라고 느꼈습니까?', 1.0, 'DEPRESSION_SCALE');
INSERT INTO TB_COMMON_QUESTIONS (QUESTION_ID, TEST_TYPE, QUESTION_TEXT, WEIGHT, CATEGORY) VALUES (69, 'PSYCHOLOGICAL_SCALE', '지난 2주 동안, 새로운 과제나 일을 시작하는 것이 버겁게 느껴졌습니까?', 1.0, 'DEPRESSION_SCALE');
INSERT INTO TB_COMMON_QUESTIONS (QUESTION_ID, TEST_TYPE, QUESTION_TEXT, WEIGHT, CATEGORY) VALUES (70, 'PSYCHOLOGICAL_SCALE', '지난 2주 동안, 안절부절못하고 가만히 앉아 있기 힘들었습니까?', 1.0, 'DEPRESSION_SCALE');
INSERT INTO TB_COMMON_QUESTIONS (QUESTION_ID, TEST_TYPE, QUESTION_TEXT, WEIGHT, CATEGORY) VALUES (71, 'PSYCHOLOGICAL_SCALE', '지난 2주 동안, 스스로가 벌을 받아야 마땅하다고 생각했습니까?', 1.0, 'DEPRESSION_SCALE');
INSERT INTO TB_COMMON_QUESTIONS (QUESTION_ID, TEST_TYPE, QUESTION_TEXT, WEIGHT, CATEGORY) VALUES (72, 'PSYCHOLOGICAL_SCALE', '지난 2주 동안, 삶이 살아갈 가치가 없다고 느꼈습니까?', 1.0, 'DEPRESSION_SCALE');


------------------------------------------------------------------------------------------------------------------------

-- 스트레스 검사 문항 (기존 10문항, ID 73~82)
-- TEST_TYPE: 'PSYCHOLOGICAL_SCALE', CATEGORY: 'STRESS_SCALE'
INSERT INTO TB_COMMON_QUESTIONS (QUESTION_ID, TEST_TYPE, QUESTION_TEXT, WEIGHT, CATEGORY) VALUES (73, 'PSYCHOLOGICAL_SCALE', '지난 한 달 동안, 예상치 못한 일 때문에 안절부절못한 적이 있었습니까?', 1.0, 'STRESS_SCALE');
INSERT INTO TB_COMMON_QUESTIONS (QUESTION_ID, TEST_TYPE, QUESTION_TEXT, WEIGHT, CATEGORY) VALUES (74, 'PSYCHOLOGICAL_SCALE', '지난 한 달 동안, 중요한 일들을 통제할 수 없다고 느낀 적이 있었습니까?', 1.0, 'STRESS_SCALE');
INSERT INTO TB_COMMON_QUESTIONS (QUESTION_ID, TEST_TYPE, QUESTION_TEXT, WEIGHT, CATEGORY) VALUES (75, 'PSYCHOLOGICAL_SCALE', '지난 한 달 동안, 신경이 예민해지고 스트레스를 받아서 짜증이 났던 적이 있었습니까?', 1.0, 'STRESS_SCALE');
INSERT INTO TB_COMMON_QUESTIONS (QUESTION_ID, TEST_TYPE, QUESTION_TEXT, WEIGHT, CATEGORY) VALUES (76, 'PSYCHOLOGICAL_SCALE', '지난 한 달 동안, 자신의 개인적인 문제들을 성공적으로 다룰 수 있다고 느낀 적이 있었습니까?', 1.0, 'STRESS_SCALE');
INSERT INTO TB_COMMON_QUESTIONS (QUESTION_ID, TEST_TYPE, QUESTION_TEXT, WEIGHT, CATEGORY) VALUES (77, 'PSYCHOLOGICAL_SCALE', '지난 한 달 동안, 당신이 해야 할 모든 일들을 성공적으로 처리할 수 있다고 확신한 적이 있었습니까?', 1.0, 'STRESS_SCALE');
INSERT INTO TB_COMMON_QUESTIONS (QUESTION_ID, TEST_TYPE, QUESTION_TEXT, WEIGHT, CATEGORY) VALUES (78, 'PSYCHOLOGICAL_SCALE', '지난 한 달 동안, 짜증나는 일들을 통제할 수 없다고 느낀 적이 있었습니까?', 1.0, 'STRESS_SCALE');
INSERT INTO TB_COMMON_QUESTIONS (QUESTION_ID, TEST_TYPE, QUESTION_TEXT, WEIGHT, CATEGORY) VALUES (79, 'PSYCHOLOGICAL_SCALE', '지난 한 달 동안, 당신의 방식대로 일들이 진행되지 않아 화가 난 적이 있었습니까?', 1.0, 'STRESS_SCALE');
INSERT INTO TB_COMMON_QUESTIONS (QUESTION_ID, TEST_TYPE, QUESTION_TEXT, WEIGHT, CATEGORY) VALUES (80, 'PSYCHOLOGICAL_SCALE', '지난 한 달 동안, 해야 할 일들이 너무 많아 감당하기 어렵다고 느낀 적이 있었습니까?', 1.0, 'STRESS_SCALE');
INSERT INTO TB_COMMON_QUESTIONS (QUESTION_ID, TEST_TYPE, QUESTION_TEXT, WEIGHT, CATEGORY) VALUES (81, 'PSYCHOLOGICAL_SCALE', '지난 한 달 동안, 어려움이 닥쳐올 때 그것을 통제할 수 있다고 느낀 적이 있었습니까?', 1.0, 'STRESS_SCALE');
INSERT INTO TB_COMMON_QUESTIONS (QUESTION_ID, TEST_TYPE, QUESTION_TEXT, WEIGHT, CATEGORY) VALUES (82, 'PSYCHOLOGICAL_SCALE', '지난 한 달 동안, 사소한 일들에 대해 계속해서 걱정한 적이 있었습니까?', 1.0, 'STRESS_SCALE');
-- 스트레스 검사 문항 (신규 20문항, ID 83~102)
-- TEST_TYPE: 'PSYCHOLOGICAL_SCALE', CATEGORY: 'STRESS_SCALE'
INSERT INTO TB_COMMON_QUESTIONS (QUESTION_ID, TEST_TYPE, QUESTION_TEXT, WEIGHT, CATEGORY) VALUES (83, 'PSYCHOLOGICAL_SCALE', '지난 한 달 동안, 어려운 문제들이 너무 많이 쌓여서 도저히 극복할 수 없다고 느낀 적이 있었습니까?', 1.0, 'STRESS_SCALE');
INSERT INTO TB_COMMON_QUESTIONS (QUESTION_ID, TEST_TYPE, QUESTION_TEXT, WEIGHT, CATEGORY) VALUES (84, 'PSYCHOLOGICAL_SCALE', '지난 한 달 동안, 마음을 편안하게 쉬거나 긴장을 풀기 어려웠습니까?', 1.0, 'STRESS_SCALE');
INSERT INTO TB_COMMON_QUESTIONS (QUESTION_ID, TEST_TYPE, QUESTION_TEXT, WEIGHT, CATEGORY) VALUES (85, 'PSYCHOLOGICAL_SCALE', '지난 한 달 동안, 모든 일이 순조롭게 진행되고 있다고 느낀 적이 있었습니까?', 1.0, 'STRESS_SCALE');
INSERT INTO TB_COMMON_QUESTIONS (QUESTION_ID, TEST_TYPE, QUESTION_TEXT, WEIGHT, CATEGORY) VALUES (86, 'PSYCHOLOGICAL_SCALE', '지난 한 달 동안, 사소한 일에도 쉽게 흥분하거나 당황한 적이 있었습니까?', 1.0, 'STRESS_SCALE');
INSERT INTO TB_COMMON_QUESTIONS (QUESTION_ID, TEST_TYPE, QUESTION_TEXT, WEIGHT, CATEGORY) VALUES (87, 'PSYCHOLOGICAL_SCALE', '지난 한 달 동안, 중요한 변화에 효과적으로 대처하고 있다고 느낀 적이 있었습니까?', 1.0, 'STRESS_SCALE');
INSERT INTO TB_COMMON_QUESTIONS (QUESTION_ID, TEST_TYPE, QUESTION_TEXT, WEIGHT, CATEGORY) VALUES (88, 'PSYCHOLOGICAL_SCALE', '지난 한 달 동안, 집중해야 할 때 머릿속이 하얘지는 경험을 한 적이 있었습니까?', 1.0, 'STRESS_SCALE');
INSERT INTO TB_COMMON_QUESTIONS (QUESTION_ID, TEST_TYPE, QUESTION_TEXT, WEIGHT, CATEGORY) VALUES (89, 'PSYCHOLOGICAL_SCALE', '지난 한 달 동안, 안절부절못하고 가만히 있기 힘들다고 느낀 적이 있었습니까?', 1.0, 'STRESS_SCALE');
INSERT INTO TB_COMMON_QUESTIONS (QUESTION_ID, TEST_TYPE, QUESTION_TEXT, WEIGHT, CATEGORY) VALUES (90, 'PSYCHOLOGICAL_SCALE', '지난 한 달 동안, 친구나 가족에게 평소보다 더 쉽게 화를 낸 적이 있었습니까?', 1.0, 'STRESS_SCALE');
INSERT INTO TB_COMMON_QUESTIONS (QUESTION_ID, TEST_TYPE, QUESTION_TEXT, WEIGHT, CATEGORY) VALUES (91, 'PSYCHOLOGICAL_SCALE', '지난 한 달 동안, 뚜렷한 이유 없이 불안하거나 두려운 느낌이 든 적이 있었습니까?', 1.0, 'STRESS_SCALE');
INSERT INTO TB_COMMON_QUESTIONS (QUESTION_ID, TEST_TYPE, QUESTION_TEXT, WEIGHT, CATEGORY) VALUES (92, 'PSYCHOLOGICAL_SCALE', '지난 한 달 동안, 스스로 통제할 수 없는 일들에 대해 계속 생각하고 있는 자신을 발견한 적이 있었습니까?', 1.0, 'STRESS_SCALE');
INSERT INTO TB_COMMON_QUESTIONS (QUESTION_ID, TEST_TYPE, QUESTION_TEXT, WEIGHT, CATEGORY) VALUES (93, 'PSYCHOLOGICAL_SCALE', '지난 한 달 동안, 일상적인 업무들을 잘 처리했다고 느낀 적이 있었습니까?', 1.0, 'STRESS_SCALE');
INSERT INTO TB_COMMON_QUESTIONS (QUESTION_ID, TEST_TYPE, QUESTION_TEXT, WEIGHT, CATEGORY) VALUES (94, 'PSYCHOLOGICAL_SCALE', '지난 한 달 동안, 원인 모를 두통이나 소화 불량을 겪은 적이 있었습니까?', 1.0, 'STRESS_SCALE');
INSERT INTO TB_COMMON_QUESTIONS (QUESTION_ID, TEST_TYPE, QUESTION_TEXT, WEIGHT, CATEGORY) VALUES (95, 'PSYCHOLOGICAL_SCALE', '지난 한 달 동안, 머릿속이 너무 복잡해서 잠들기 어려웠던 적이 있었습니까?', 1.0, 'STRESS_SCALE');
INSERT INTO TB_COMMON_QUESTIONS (QUESTION_ID, TEST_TYPE, QUESTION_TEXT, WEIGHT, CATEGORY) VALUES (96, 'PSYCHOLOGICAL_SCALE', '지난 한 달 동안, 감정적으로 완전히 지쳤다고 느낀 적이 있었습니까?', 1.0, 'STRESS_SCALE');
INSERT INTO TB_COMMON_QUESTIONS (QUESTION_ID, TEST_TYPE, QUESTION_TEXT, WEIGHT, CATEGORY) VALUES (97, 'PSYCHOLOGICAL_SCALE', '지난 한 달 동안, 하루 일과를 마친 후에도 긴장을 풀기 어렵다고 느낀 적이 있었습니까?', 1.0, 'STRESS_SCALE');
INSERT INTO TB_COMMON_QUESTIONS (QUESTION_ID, TEST_TYPE, QUESTION_TEXT, WEIGHT, CATEGORY) VALUES (98, 'PSYCHOLOGICAL_SCALE', '지난 한 달 동안, 전반적으로 마음이 불편하고 불안정한 느낌이 든 적이 있었습니까?', 1.0, 'STRESS_SCALE');
INSERT INTO TB_COMMON_QUESTIONS (QUESTION_ID, TEST_TYPE, QUESTION_TEXT, WEIGHT, CATEGORY) VALUES (99, 'PSYCHOLOGICAL_SCALE', '지난 한 달 동안, 당신의 일상 생활이 흥미로운 일들로 가득 차 있다고 느낀 적이 있었습니까?', 1.0, 'STRESS_SCALE');
INSERT INTO TB_COMMON_QUESTIONS (QUESTION_ID, TEST_TYPE, QUESTION_TEXT, WEIGHT, CATEGORY) VALUES (100, 'PSYCHOLOGICAL_SCALE', '지난 한 달 동안, 해야 할 일의 목록을 보고 압도당하는 느낌을 받은 적이 있었습니까?', 1.0, 'STRESS_SCALE');
INSERT INTO TB_COMMON_QUESTIONS (QUESTION_ID, TEST_TYPE, QUESTION_TEXT, WEIGHT, CATEGORY) VALUES (101, 'PSYCHOLOGICAL_SCALE', '지난 한 달 동안, 쉽게 마음이 상하거나 감정적으로 변한 적이 있었습니까?', 1.0, 'STRESS_SCALE');
INSERT INTO TB_COMMON_QUESTIONS (QUESTION_ID, TEST_TYPE, QUESTION_TEXT, WEIGHT, CATEGORY) VALUES (102, 'PSYCHOLOGICAL_SCALE', '지난 한 달 동안, 앞으로 겪게 될 변화들에 대해 걱정한 적이 있었습니까?', 1.0, 'STRESS_SCALE');

-- 모든 변경사항을 데이터베이스에 최종 반영
COMMIT;



-- 13. TB_PERSONALITY_TEST_ANSWERS
CREATE TABLE TB_PERSONALITY_ANSWERS (
                                        ANSWER_ID       NUMBER(19) PRIMARY KEY,
                                        USER_ID         VARCHAR2(255) NOT NULL,
                                        QUESTION_ID     NUMBER(19) NOT NULL,
                                        ANSWER_VALUE    VARCHAR2(50) NOT NULL,
                                        CONSTRAINT FK_PERSONALITY_ANS_USER FOREIGN KEY (USER_ID) REFERENCES TB_USERS(USER_ID) ON DELETE CASCADE,
                                        CONSTRAINT FK_PERSONALITY_ANS_QUESTION FOREIGN KEY (QUESTION_ID) REFERENCES TB_COMMON_QUESTIONS(QUESTION_ID) ON DELETE CASCADE -- 참조 테이블 변경
);
COMMENT ON TABLE TB_PERSONALITY_ANSWERS IS 'MBTI 등 성격 검사의 사용자 문항별 답변';
COMMENT ON COLUMN TB_PERSONALITY_ANSWERS.ANSWER_ID IS '답변 고유 식별자';
COMMENT ON COLUMN TB_PERSONALITY_ANSWERS.USER_ID IS '사용자 ID';
COMMENT ON COLUMN TB_PERSONALITY_ANSWERS.QUESTION_ID IS 'TB_COMMON_QUESTIONS 테이블의 문항 ID 참조';
COMMENT ON COLUMN TB_PERSONALITY_ANSWERS.ANSWER_VALUE IS '문항 답변 값 (예: 1~5점, YES/NO)';


-- 14. 성격 분석 결과 테이블 (수정)
CREATE TABLE TB_PERSONALITY_RESULTS (
                                        PERSONALITY_ID  NUMBER(19) PRIMARY KEY,
                                        PERSONALITY_TEST_ID NUMBER(19) NOT NULL, -- 어떤 특정 성격 테스트 (예: 1=MBTI)
                                        USER_ID         VARCHAR2(255) NOT NULL,
                                        RESULT          VARCHAR2(50) NOT NULL, -- MBTI 유형 (예: INFP)
                                        DESCRIPTION     VARCHAR2(2000),
                                        MBTI_TITLE      VARCHAR2(100 CHAR),
                                        CREATED_AT      DATE DEFAULT SYSDATE NOT NULL,
                                        CONSTRAINT FK_PERSONALITY_RES_USER FOREIGN KEY (USER_ID) REFERENCES TB_USERS(USER_ID) ON DELETE CASCADE
);
COMMENT ON TABLE TB_PERSONALITY_RESULTS IS 'MBTI 등 성격 검사의 최종 분석 결과';
COMMENT ON COLUMN TB_PERSONALITY_RESULTS.PERSONALITY_ID IS '성격 분석 결과 고유 식별자';
COMMENT ON COLUMN TB_PERSONALITY_RESULTS.PERSONALITY_TEST_ID IS '어떤 종류의 성격 테스트인지 식별 (예: 1=MBTI)';
COMMENT ON COLUMN TB_PERSONALITY_RESULTS.USER_ID IS '검사를 수행한 사용자의 ID';
COMMENT ON COLUMN TB_PERSONALITY_RESULTS.RESULT IS '최종 분석 결과 (예: MBTI 유형 코드 INFP)';
COMMENT ON COLUMN TB_PERSONALITY_RESULTS.DESCRIPTION IS '결과에 대한 상세 설명';
COMMENT ON COLUMN TB_PERSONALITY_RESULTS.MBTI_TITLE IS 'MBTI 유형별 칭호';
COMMENT ON COLUMN TB_PERSONALITY_RESULTS.CREATED_AT IS '결과 생성 시간';

-- 15 수정
CREATE TABLE TB_PSYCHOLOGICAL_IMAGE_ANSWERS (
                                                ANSWER_ID           NUMBER(19) PRIMARY KEY,
                                                USER_ID             VARCHAR2(255) NOT NULL,
                                                QUESTION_ID         NUMBER(19) NOT NULL,
                                                TEST_TYPE           VARCHAR2(100) NOT NULL, -- ✨ 여기에 추가했습니다.
                                                USER_RESPONSE_TEXT  CLOB NOT NULL,
                                                ANSWER_DATETIME     TIMESTAMP DEFAULT SYSTIMESTAMP NOT NULL,
                                                CONSTRAINT FK_PSY_IMG_ANS_USER FOREIGN KEY (USER_ID) REFERENCES TB_USERS(USER_ID) ON DELETE CASCADE,
                                                CONSTRAINT FK_PSY_IMG_ANS_QUESTION FOREIGN KEY (QUESTION_ID) REFERENCES TB_COMMON_QUESTIONS(QUESTION_ID) ON DELETE CASCADE
);

COMMENT ON TABLE TB_PSYCHOLOGICAL_IMAGE_ANSWERS IS '이미지-텍스트 심리 검사의 사용자 답변 (느낀 점 텍스트)';

COMMENT ON COLUMN TB_PSYCHOLOGICAL_IMAGE_ANSWERS.ANSWER_ID IS '답변 고유 식별자';
COMMENT ON COLUMN TB_PSYCHOLOGICAL_IMAGE_ANSWERS.USER_ID IS '사용자 ID (TB_USERS 참조)';
COMMENT ON COLUMN TB_PSYCHOLOGICAL_IMAGE_ANSWERS.QUESTION_ID IS 'TB_COMMON_QUESTIONS 테이블의 이미지 문항 ID 참조';
COMMENT ON COLUMN TB_PSYCHOLOGICAL_IMAGE_ANSWERS.TEST_TYPE IS '검사의 종류를 식별하는 값'; -- ✨ 컬럼 설명도 추가했습니다.
COMMENT ON COLUMN TB_PSYCHOLOGICAL_IMAGE_ANSWERS.USER_RESPONSE_TEXT IS '사용자가 이미지에 대해 작성한 느낀 점 텍스트';
COMMENT ON COLUMN TB_PSYCHOLOGICAL_IMAGE_ANSWERS.ANSWER_DATETIME IS '답변이 저장된 시각';

-- 16 수정
CREATE TABLE TB_PSYCHOLOGICAL_IMAGE_RESULTS (
                                                RESULT_ID               NUMBER(19) PRIMARY KEY,
                                                USER_ID                 VARCHAR2(255) NOT NULL,
                                                QUESTION_ID             NUMBER(19) NOT NULL, -- 어떤 이미지에 대한 분석인지
                                                RAW_RESPONSE_TEXT       CLOB NOT NULL, -- 사용자가 작성한 원본 느낀 점 텍스트 (분석 기록용)
                                                AI_SENTIMENT            VARCHAR2(50),
                                                AI_SENTIMENT_SCORE      NUMBER(5,2),
                                                AI_CREATIVITY_SCORE     NUMBER(5,2),
                                                AI_PERSPECTIVE_KEYWORDS VARCHAR2(500),
                                                AI_INSIGHT_SUMMARY      CLOB,
                                                SUGGESTIONS             VARCHAR2(2000),
                                                CREATED_AT              TIMESTAMP DEFAULT SYSTIMESTAMP NOT NULL,
                                                CONSTRAINT FK_PSY_IMG_RES_USER FOREIGN KEY (USER_ID) REFERENCES TB_USERS(USER_ID) ON DELETE CASCADE,
                                                CONSTRAINT FK_PSY_IMG_RES_QUESTION FOREIGN KEY (QUESTION_ID) REFERENCES TB_COMMON_QUESTIONS(QUESTION_ID) ON DELETE CASCADE -- 참조 테이블 변경
);
COMMENT ON TABLE TB_PSYCHOLOGICAL_IMAGE_RESULTS IS '이미지-텍스트 심리 검사의 AI 분석 결과';
COMMENT ON COLUMN TB_PSYCHOLOGICAL_IMAGE_RESULTS.RESULT_ID IS '분석 결과 고유 식별자';
COMMENT ON COLUMN TB_PSYCHOLOGICAL_IMAGE_RESULTS.USER_ID IS '분석을 받은 사용자 ID';
COMMENT ON COLUMN TB_PSYCHOLOGICAL_IMAGE_RESULTS.QUESTION_ID IS '분석 대상 이미지 문항 ID';
COMMENT ON COLUMN TB_PSYCHOLOGICAL_IMAGE_RESULTS.RAW_RESPONSE_TEXT IS '사용자가 이미지에 대해 작성한 원본 텍스트';
COMMENT ON COLUMN TB_PSYCHOLOGICAL_IMAGE_RESULTS.AI_SENTIMENT IS 'AI 분석 주 감정 (행복, 우울 등)';
COMMENT ON COLUMN TB_PSYCHOLOGICAL_IMAGE_RESULTS.AI_SENTIMENT_SCORE IS 'AI 분석 감정 점수';
COMMENT ON COLUMN TB_PSYCHOLOGICAL_IMAGE_RESULTS.AI_CREATIVITY_SCORE IS 'AI 분석 창의력/상상력 지표 점수';
COMMENT ON COLUMN TB_PSYCHOLOGICAL_IMAGE_RESULTS.AI_PERSPECTIVE_KEYWORDS IS 'AI 분석 관점 키워드 (쉼표 구분)';
COMMENT ON COLUMN TB_PSYCHOLOGICAL_IMAGE_RESULTS.AI_INSIGHT_SUMMARY IS 'AI가 제공하는 심층 분석 요약 및 통찰';
COMMENT ON COLUMN TB_PSYCHOLOGICAL_IMAGE_RESULTS.SUGGESTIONS IS '개선 제안 / 맞춤형 조언';
COMMENT ON COLUMN TB_PSYCHOLOGICAL_IMAGE_RESULTS.CREATED_AT IS '분석 생성 시간';


-- 6. TB_PSYCHOLOGICAL_SCALE_ANSWERS (새로 추가: 우울증, 스트레스 등 척도 검사 답변)
CREATE TABLE TB_PSYCHOLOGICAL_SCALE_ANSWERS (
                                                ANSWER_ID       NUMBER(19) GENERATED BY DEFAULT AS IDENTITY (START WITH 1 INCREMENT BY 1) PRIMARY KEY,
                                                USER_ID         VARCHAR2(255 BYTE) NOT NULL,
                                                QUESTION_ID     NUMBER(19,0) NOT NULL,
                                                ANSWER_VALUE    NUMBER(5,0) NOT NULL,
                                                TEST_CATEGORY   VARCHAR2(50 BYTE) NOT NULL, -- 'DEPRESSION_SCALE', 'STRESS_SCALE' 등 세부 카테고리
                                                ANSWER_DATETIME TIMESTAMP(6) DEFAULT SYSTIMESTAMP NOT NULL,
                                                CONSTRAINT FK_PSY_SCALE_ANS_USER FOREIGN KEY (USER_ID) REFERENCES TB_USERS(USER_ID) ON DELETE CASCADE,
                                                CONSTRAINT FK_PSY_SCALE_ANS_QUESTION FOREIGN KEY (QUESTION_ID) REFERENCES TB_COMMON_QUESTIONS(QUESTION_ID) ON DELETE CASCADE -- 참조 테이블 변경
);
COMMENT ON TABLE TB_PSYCHOLOGICAL_SCALE_ANSWERS IS '우울증, 스트레스 등 척도 기반 심리 검사의 사용자 문항별 답변';
COMMENT ON COLUMN TB_PSYCHOLOGICAL_SCALE_ANSWERS.ANSWER_ID IS '답변 고유 식별자';
COMMENT ON COLUMN TB_PSYCHOLOGICAL_SCALE_ANSWERS.USER_ID IS '답변을 제출한 사용자 ID';
COMMENT ON COLUMN TB_PSYCHOLOGICAL_SCALE_ANSWERS.QUESTION_ID IS 'TB_COMMON_QUESTIONS 테이블의 문항 ID 참조';
COMMENT ON COLUMN TB_PSYCHOLOGICAL_SCALE_ANSWERS.ANSWER_VALUE IS '사용자가 선택한 답변 점수 (예: 1~5점)';
COMMENT ON COLUMN TB_PSYCHOLOGICAL_SCALE_ANSWERS.TEST_CATEGORY IS '이 답변이 속한 심리 검사 카테고리 (예: DEPRESSION_SCALE, STRESS_SCALE)';
COMMENT ON COLUMN TB_PSYCHOLOGICAL_SCALE_ANSWERS.ANSWER_DATETIME IS '답변이 데이터베이스에 저장된 시각';

------------------------------------------------------------------------------------------------------------------------

-- 7. TB_PSYCHOLOGICAL_SCALE_RESULTS (새로 추가: 우울증, 스트레스 등 척도 검사 결과)
CREATE TABLE TB_PSYCHOLOGICAL_SCALE_RESULTS (
                                                RESULT_ID       NUMBER(19) GENERATED BY DEFAULT AS IDENTITY (START WITH 1 INCREMENT BY 1) PRIMARY KEY,
                                                USER_ID         VARCHAR2(255 BYTE) NOT NULL,
                                                TEST_CATEGORY   VARCHAR2(50 BYTE) NOT NULL, -- 'DEPRESSION_SCALE', 'STRESS_SCALE' 등 세부 카테고리
                                                TOTAL_SCORE     NUMBER(10,2) NOT NULL,
                                                INTERPRETATION  CLOB, -- 총점에 따른 심리적 해석 또는 진단 요약
                                                RISK_LEVEL      VARCHAR2(50 BYTE), -- 해당 검사 결과에 따른 위험도 수준 (예: NORMAL, CAUTION, HIGH_RISK)
                                                SUGGESTIONS     CLOB, -- 사용자에게 줄 제안
                                                CREATED_AT      TIMESTAMP(6) DEFAULT SYSTIMESTAMP NOT NULL,
                                                CONSTRAINT FK_PSY_SCALE_RES_USER FOREIGN KEY (USER_ID) REFERENCES TB_USERS(USER_ID) ON DELETE CASCADE
);
COMMENT ON TABLE TB_PSYCHOLOGICAL_SCALE_RESULTS IS '우울증, 스트레스 등 척도 기반 심리 검사의 최종 분석 결과';
COMMENT ON COLUMN TB_PSYCHOLOGICAL_SCALE_RESULTS.RESULT_ID IS '척도 검사 결과 고유 식별자';
COMMENT ON COLUMN TB_PSYCHOLOGICAL_SCALE_RESULTS.USER_ID IS '분석 결과를 받은 사용자 ID';
COMMENT ON COLUMN TB_PSYCHOLOGICAL_SCALE_RESULTS.TEST_CATEGORY IS '이 결과가 속한 심리 검사 카테고리 (예: DEPRESSION_SCALE, STRESS_SCALE)';
COMMENT ON COLUMN TB_PSYCHOLOGICAL_SCALE_RESULTS.TOTAL_SCORE IS '척도 검사 문항들의 총점';
COMMENT ON COLUMN TB_PSYCHOLOGICAL_SCALE_RESULTS.INTERPRETATION IS '총점에 따른 심리적 해석 또는 진단 요약';
COMMENT ON COLUMN TB_PSYCHOLOGICAL_SCALE_RESULTS.RISK_LEVEL IS '해당 검사 결과에 따른 위험도 수준 (예: NORMAL, CAUTION, HIGH_RISK)';
COMMENT ON COLUMN TB_PSYCHOLOGICAL_SCALE_RESULTS.SUGGESTIONS IS '분석 결과를 바탕으로 사용자에게 제공하는 맞춤형 제안';
COMMENT ON COLUMN TB_PSYCHOLOGICAL_SCALE_RESULTS.CREATED_AT IS '분석 결과가 데이터베이스에 생성된 시각';



-- 17. TB_SIMULATION_SCENARIOS (수정된 테이블 생성 구문)
CREATE TABLE TB_SIMULATION_SCENARIOS (
                                         SCENARIO_ID NUMBER(19) PRIMARY KEY,
                                         SCENARIO_NAME VARCHAR2(100) NOT NULL,
                                         DESCRIPTION VARCHAR2(2000),
                                         IS_ACTIVE NUMBER(1) DEFAULT 1 NOT NULL CHECK (IS_ACTIVE IN (0, 1)),
    -- ✅ simulation_type 컬럼 추가 (seems.sql과 seems_script_v38.sql에서 통합)
                                         SIMULATION_TYPE VARCHAR2(20),
    -- ✅ DAY_OF_WEEK 컬럼 추가 (요청하신 대로)
                                         DAY_OF_WEEK VARCHAR2(20),
                                         CREATED_AT DATE DEFAULT SYSDATE NOT NULL,
                                         CONSTRAINT UK_SCENARIO_NAME UNIQUE (SCENARIO_NAME)
);

COMMENT ON TABLE TB_SIMULATION_SCENARIOS IS '시뮬레이션 시나리오';
COMMENT ON COLUMN TB_SIMULATION_SCENARIOS.SCENARIO_ID IS '시나리오의 고유 식별자';
COMMENT ON COLUMN TB_SIMULATION_SCENARIOS.SCENARIO_NAME IS '시나리오 이름 (예: 이직 고민, 대인 관계 갈등)';
COMMENT ON COLUMN TB_SIMULATION_SCENARIOS.DESCRIPTION IS '시나리오에 대한 상세 설명 (예: 시나리오의 목적, 예상 선택지)';
COMMENT ON COLUMN TB_SIMULATION_SCENARIOS.IS_ACTIVE IS '시나리오의 활성화 여부 (0: 비활성, 1: 활성)';
COMMENT ON COLUMN TB_SIMULATION_SCENARIOS.SIMULATION_TYPE IS '시뮬레이션 유형 (DAILY, OVERCOMING 등)'; -- 코멘트 추가
COMMENT ON COLUMN TB_SIMULATION_SCENARIOS.DAY_OF_WEEK IS '데일리 시뮬레이션 요일 (MONDAY, TUESDAY 등)'; -- 코멘트 추가
COMMENT ON COLUMN TB_SIMULATION_SCENARIOS.CREATED_AT IS '시나리오 생성 시간, 기본값 SYSDATE';

-- =============================================
-- TB_SIMULATION_SCENARIOS 데이터 삽입 (수정된 테이블 정의에 맞춤)
-- =============================================
-- 1. '오늘의 시뮬레이션' (DAILY) 데이터 3개 추가 (월,목,수)
INSERT INTO TB_SIMULATION_SCENARIOS (scenario_id, scenario_name, description, is_active, simulation_type, day_of_week)
VALUES (1, '무인도 표류', '극한 상황에서의 당신의 선택은? 위기 상황에서의 문제 해결 능력과 생존 전략을 분석합니다.', 1, 'DAILY', 'MONDAY');

INSERT INTO TB_SIMULATION_SCENARIOS (scenario_id, scenario_name, description, is_active, simulation_type, day_of_week)
VALUES (2, '별빛 도서관의 속삭임', '밤하늘의 별빛이 들어오는 신비한 도서관에서, 여러 책을 통해 나의 과거, 현재, 미래를 탐색합니다.', 1, 'DAILY', 'THURSDAY');

INSERT INTO TB_SIMULATION_SCENARIOS (scenario_id, scenario_name, description, is_active, simulation_type, day_of_week)
VALUES (3, '마음의 정원 가꾸기', '나의 마음을 정원에 비유하여, 식물을 돌보며 스스로를 가꾸고 성찰하는 시뮬레이션입니다.', 1, 'DAILY', 'WEDNESDAY');

INSERT INTO TB_SIMULATION_SCENARIOS (scenario_id, scenario_name, description, is_active, simulation_type, day_of_week)
VALUES (4, '잊혀진 멜로디를 찾아서', '오래된 악기에서 잊혀진 멜로디를 찾아 연주하며, 나의 잠재된 감성과 창의성을 발견하는 여정입니다.', 1, 'DAILY', 'THURSDAY');

INSERT INTO TB_SIMULATION_SCENARIOS (scenario_id, scenario_name, description, is_active, simulation_type, day_of_week)
VALUES (5, '길 잃은 아기 여우와의 만남', '작은 생명을 돌보며 교감하는 과정 속에서, 타인과 나 자신을 향한 따뜻한 연민과 책임감을 느낍니다.', 1, 'DAILY', 'FRIDAY');

INSERT INTO TB_SIMULATION_SCENARIOS (scenario_id, scenario_name, description, is_active, simulation_type, day_of_week)
VALUES (6, '하늘로 띄우는 소원 등불', '한 해의 마지막 날, 소원 등불에 마음을 담아 하늘로 띄워 보내며 과거의 짐을 내려놓고 새로운 희망을 다짐합니다.', 1, 'DAILY', 'SATURDAY');

INSERT INTO TB_SIMULATION_SCENARIOS (scenario_id, scenario_name, description, is_active, simulation_type, day_of_week)
VALUES (7, '나를 위한 찻집', '고즈넉한 찻집에서 오롯이 나를 위한 차를 내리고 음미하며, 바쁜 일상 속에서 잃어버렸던 평온과 여유를 되찾습니다.', 1, 'DAILY', 'SUNDAY');

-- 18. TB_SIMULATION_SETTINGS
CREATE TABLE TB_SIMULATION_SETTINGS (
                                        SETTING_ID NUMBER(19) PRIMARY KEY,
                                        USER_ID VARCHAR2(255) NOT NULL,
                                        SCENARIO_ID NUMBER(19) NOT NULL,
                                        SESSION_ID NUMBER(19),
                                        STATUS VARCHAR2(20) DEFAULT 'IN_PROGRESS' NOT NULL CHECK (STATUS IN ('IN_PROGRESS', 'COMPLETED', 'CANCELLED')),
                                        CREATED_AT DATE DEFAULT SYSDATE NOT NULL,
                                        CONSTRAINT FK_SIMULATION_USER FOREIGN KEY (USER_ID) REFERENCES TB_USERS(USER_ID) ON DELETE CASCADE,
                                        CONSTRAINT FK_SIMULATION_SCENARIO FOREIGN KEY (SCENARIO_ID) REFERENCES TB_SIMULATION_SCENARIOS(SCENARIO_ID) ON DELETE CASCADE,
                                        CONSTRAINT FK_SIMULATION_SESSION FOREIGN KEY (SESSION_ID) REFERENCES TB_COUNSELING_SESSIONS(SESSION_ID) ON DELETE SET NULL
);

COMMENT ON TABLE TB_SIMULATION_SETTINGS IS '시뮬레이션 환경';
COMMENT ON COLUMN TB_SIMULATION_SETTINGS.SETTING_ID IS '시뮬레이션 설정의 고유 식별자';
COMMENT ON COLUMN TB_SIMULATION_SETTINGS.USER_ID IS 'TB_USERS 테이블의 사용자 ID 참조, 시뮬레이션 수행 사용자';
COMMENT ON COLUMN TB_SIMULATION_SETTINGS.SCENARIO_ID IS 'TB_SIMULATION_SCENARIOS 테이블의 시나리오 ID 참조';
COMMENT ON COLUMN TB_SIMULATION_SETTINGS.SESSION_ID IS 'TB_COUNSELING_SESSIONS 테이블의 세션 ID 참조';
COMMENT ON COLUMN TB_SIMULATION_SETTINGS.STATUS IS '시뮬레이션 진행 상태 (IN_PROGRESS, COMPLETED, CANCELLED)';
COMMENT ON COLUMN TB_SIMULATION_SETTINGS.CREATED_AT IS '설정 생성 시간';


-- 19. TB_SIMULATION_QUESTIONS
CREATE TABLE TB_SIMULATION_QUESTIONS (
                                         QUESTION_ID NUMBER(19) PRIMARY KEY,
                                         SCENARIO_ID NUMBER(19) NOT NULL,
                                         QUESTION_NUMBER NUMBER(5) NOT NULL,
                                         QUESTION_TEXT VARCHAR2(2000) NOT NULL,
                                         CHOICE_OPTIONS VARCHAR2(2000) NOT NULL,
                                         CONSTRAINT FK_QUESTION_SCENARIO FOREIGN KEY (SCENARIO_ID) REFERENCES TB_SIMULATION_SCENARIOS(SCENARIO_ID) ON DELETE CASCADE,
                                         CONSTRAINT UK_QUESTION_SCENARIO_NUMBER UNIQUE (SCENARIO_ID, QUESTION_NUMBER)
);
ALTER TABLE TB_SIMULATION_QUESTIONS ADD SETTING_ID NUMBER(19,0);

COMMENT ON TABLE TB_SIMULATION_QUESTIONS IS '시뮬레이션 질문';
COMMENT ON COLUMN TB_SIMULATION_QUESTIONS.QUESTION_ID IS '질문의 고유 식별자';
COMMENT ON COLUMN TB_SIMULATION_QUESTIONS.SCENARIO_ID IS 'TB_SIMULATION_SCENARIOS 테이블의 시나리오 ID 참조';
COMMENT ON COLUMN TB_SIMULATION_QUESTIONS.QUESTION_NUMBER IS '시나리오 내 질문 번호';
COMMENT ON COLUMN TB_SIMULATION_QUESTIONS.QUESTION_TEXT IS '질문 내용';
COMMENT ON COLUMN TB_SIMULATION_QUESTIONS.CHOICE_OPTIONS IS '선택지 옵션 (JSON 형식 또는 텍스트)';

INSERT INTO TB_SIMULATION_QUESTIONS (QUESTION_ID, SCENARIO_ID, QUESTION_NUMBER, QUESTION_TEXT, CHOICE_OPTIONS)
VALUES (
           1, 1, 1,
           '눈을 떠보니 낯선 해변입니다. 뜨거운 태양과 파도 소리만이 가득합니다. 정신을 차리고 가장 먼저 무엇을 하시겠습니까?',
           '{
             "options": [
               {"text": "일단 주변을 둘러보며 마실 물이나 먹을 것을 찾는다.", "trait": "REALISM", "nextNarrative": "당신은 생존에 가장 중요한 것이 무엇인지 빠르게 판단했습니다. 갈증과 허기를 해결하기 위해 해변을 따라 걷기 시작합니다.", "nextQuestionNumber": 2},
               {"text": "연기를 피울 만한 재료를 모아 구조 신호를 보낼 준비를 한다.", "trait": "LEADERSHIP", "nextNarrative": "당신은 이 상황을 해결하기 위한 가장 능동적인 방법을 생각했습니다. 마른 나뭇가지와 잎을 모으기 시작합니다.", "nextQuestionNumber": 3},
               {"text": "맹수나 위험 요소가 있는지 살피며 안전한 은신처부터 찾는다.", "trait": "CAUTION", "nextNarrative": "당신은 섣불리 움직이기보다 안전을 최우선으로 생각했습니다. 주변의 지형을 살피며 숨을 곳을 물색합니다.", "nextQuestionNumber": 4},
               {"text": "꿈일 거야. 일단 그늘에 앉아 마음을 진정시키고 상황을 파악한다.", "trait": "OPTIMISM", "nextNarrative": "당신은 혼란스러운 상황일수록 침착해야 한다고 생각했습니다. 거대한 야자수 그늘 아래에서 잠시 숨을 고릅니다.", "nextQuestionNumber": 5}
             ]
           }'
       );

-- =============================================
-- 2단계 질문들
-- =============================================
-- 2-1. [1단계 - 현실주의] 물/식량 탐색 루트 (QUESTION_NUMBER = 2)
INSERT INTO TB_SIMULATION_QUESTIONS (QUESTION_ID, SCENARIO_ID, QUESTION_NUMBER, QUESTION_TEXT, CHOICE_OPTIONS)
VALUES (
           2, 1, 2,
           '해변을 따라 걷다 보니, 작은 폭포를 발견했습니다. 물을 마시고 싶지만, 왠지 모를 불안감이 엄습합니다. 어떻게 하시겠습니까?',
           '{
             "options": [
               {"text": "목이 마르니 일단 물을 마신다. 죽든 살든.", "trait": "ADVENTURE", "nextNarrative": "당신은 당장의 갈증을 해결하기 위해 본능적으로 행동했습니다. 시원한 물이 목을 타고 넘어갑니다.", "nextQuestionNumber": 6},
               {"text": "주변에 먹을 수 있는 열매나 다른 수원지가 있는지 더 찾아본다.", "trait": "CAUTION", "nextNarrative": "당신은 미지의 물을 마시는 위험을 감수하지 않기로 합니다. 혹시 모를 오염을 피해 다른 것을 찾아 나섭니다.", "nextQuestionNumber": 7}
             ]
           }'
       );

-- 2-2. [1단계 - 주도성] 구조 신호 준비 루트 (QUESTION_NUMBER = 3)
INSERT INTO TB_SIMULATION_QUESTIONS (QUESTION_ID, SCENARIO_ID, QUESTION_NUMBER, QUESTION_TEXT, CHOICE_OPTIONS)
VALUES (
           3, 1, 3,
           '마른 나뭇가지와 잎을 충분히 모았습니다. 이제 어디에 불을 피워야 가장 효율적으로 구조 신호를 보낼 수 있을까요?',
           '{
             "options": [
               {"text": "섬에서 가장 높은 봉우리에 올라가 불을 피운다.", "trait": "LEADERSHIP", "nextNarrative": "당신은 가장 시야가 트인 곳에서 최대한 멀리 신호를 보내기로 했습니다. 힘겹게 산을 오르기 시작합니다.", "nextQuestionNumber": 8},
               {"text": "해변의 넓고 개방된 곳에 불을 피워 지나가는 배에게 잘 보이게 한다.", "trait": "PLANNING", "nextNarrative": "당신은 지나가는 배의 시야를 고려하여 해변이 가장 적절하다고 판단했습니다. 안전하게 불을 피울 자리를 잡습니다.", "nextQuestionNumber": 9}
             ]
           }'
       );

-- 2-3. [1단계 - 신중함] 은신처 탐색 루트 (QUESTION_NUMBER = 4)
INSERT INTO TB_SIMULATION_QUESTIONS (QUESTION_ID, SCENARIO_ID, QUESTION_NUMBER, QUESTION_TEXT, CHOICE_OPTIONS)
VALUES (
           4, 1, 4,
           '밤이 되어 날씨가 추워지기 시작합니다. 당신은 작은 동굴을 발견했습니다. 어떻게 하시겠습니까?',
           '{
             "options": [
               {"text": "동굴 내부를 꼼꼼히 살피고 안전하다면 들어간다.", "trait": "CAUTION", "nextNarrative": "당신은 어떤 위험도 간과하지 않기로 합니다. 동굴 안으로 조심스럽게 발을 내딛습니다.", "nextQuestionNumber": 10},
               {"text": "안전한지 모르지만 일단 추위를 피해 동굴로 들어간다.", "trait": "REALISM", "nextNarrative": "당신은 당장의 추위를 피하는 것이 더 중요하다고 판단했습니다. 몸을 웅크리고 동굴 안으로 들어갑니다.", "nextQuestionNumber": 11}
             ]
           }'
       );

-- 2-4. [1단계 - 낙관주의] 상황 파악 루트 (QUESTION_NUMBER = 5)
INSERT INTO TB_SIMULATION_QUESTIONS (QUESTION_ID, SCENARIO_ID, QUESTION_NUMBER, QUESTION_TEXT, CHOICE_OPTIONS)
VALUES (
           5, 1, 5,
           '잠시 휴식을 취하니 정신이 맑아졌습니다. 이제 섬을 어떻게 탐색해야 할까요?',
           '{
             "options": [
               {"text": "섬의 지형을 파악하기 위해 해안선을 따라 걸어본다.", "trait": "PLANNING", "nextNarrative": "당신은 섬 전체의 윤곽을 파악하는 것이 중요하다고 생각했습니다. 해변을 따라 꾸준히 걷기 시작합니다.", "nextQuestionNumber": 12},
               {"text": "섬 중앙의 높은 곳을 찾아 전체를 조망할 계획을 세운다.", "trait": "LEADERSHIP", "nextNarrative": "당신은 전체 상황을 한눈에 파악하여 전략을 세우는 것을 선호합니다. 가장 높은 곳을 향해 발걸음을 옮깁니다.", "nextQuestionNumber": 13}
             ]
           }'
       );

-- =============================================
-- 3단계 질문들
-- =============================================
-- 3-1. [2단계 - 모험/현실] 물 섭취 후 (QUESTION_NUMBER = 6)
INSERT INTO TB_SIMULATION_QUESTIONS (QUESTION_ID, SCENARIO_ID, QUESTION_NUMBER, QUESTION_TEXT, CHOICE_OPTIONS)
VALUES (
           6, 1, 6,
           '물을 마시고 나니 갈증은 해소되었지만, 갑자기 몸에 힘이 빠지고 어지러움을 느낍니다. 어떻게 하시겠습니까?',
           '{
             "options": [
               {"text": "빨리 움직여 해독제를 찾거나 다른 안전한 식수를 찾아야 한다.", "trait": "ACTION", "nextNarrative": "당신은 위기 상황을 감지하고 즉시 해결책을 찾으려 합니다. 주변을 필사적으로 탐색하기 시작합니다.", "nextQuestionNumber": 14},
               {"text": "일단 쉬면서 몸의 변화를 관찰한다. 무리하지 않는다.", "trait": "CAUTION", "nextNarrative": "당신은 섣부른 움직임이 더 큰 위험을 부를 수 있다고 판단합니다. 그 자리에서 몸을 웅크리고 쉬기 시작합니다.", "nextQuestionNumber": 15}
             ]
           }'
       );

-- 3-2. [2단계 - 신중] 다른 수원지 탐색 후 (QUESTION_NUMBER = 7)
INSERT INTO TB_SIMULATION_QUESTIONS (QUESTION_ID, SCENARIO_ID, QUESTION_NUMBER, QUESTION_TEXT, CHOICE_OPTIONS)
VALUES (
           7, 1, 7,
           '다른 수원지를 찾던 중, 작은 샘물을 발견했습니다. 맑고 깨끗해 보이지만, 확신할 수 없습니다. 어떻게 하시겠습니까?',
           '{
             "options": [
               {"text": "그래도 목이 마르다. 조심스럽게 마셔본다.", "trait": "REALISM", "nextNarrative": "당신은 더 이상 버틸 수 없다고 판단했습니다. 조심스럽게 샘물에 입을 댑니다.", "nextQuestionNumber": 16},
               {"text": "물을 끓여 마시기 위해 불 피울 도구를 먼저 찾는다.", "trait": "PLANNING", "nextNarrative": "당신은 안전한 물 섭취를 위해 번거로움을 감수합니다. 주변에서 마른 나뭇가지를 모으기 시작합니다.", "nextQuestionNumber": 17}
             ]
           }'
       );

-- 3-3. [2단계 - 리더십] 높은 봉우리 루트 (QUESTION_NUMBER = 8)
INSERT INTO TB_SIMULATION_QUESTIONS (QUESTION_ID, SCENARIO_ID, QUESTION_NUMBER, QUESTION_TEXT, CHOICE_OPTIONS)
VALUES (
           8,
           1,
           8,
           '힘겹게 봉우리 정상에 올랐습니다. 바람이 강하게 불지만, 시야는 확 트입니다. 어떻게 구조 신호를 보낼까요?',
           '{
             "options": [
               {"text": "가지고 온 나뭇가지와 잎으로 거대한 모닥불을 피운다.", "trait": "LEADERSHIP", "nextNarrative": "당신은 모든 힘을 다해 가장 크고 확실한 신호를 만들어냅니다. 검은 연기가 하늘로 치솟습니다.", "nextQuestionNumber": 18},
               {"text": "옷이나 나뭇잎을 엮어 거대한 ''HELP'' 글자를 만들어 놓는다.", "trait": "CREATIVITY", "nextNarrative": "당신은 시각적인 신호가 더 효과적이라고 판단합니다. 섬의 재료들을 이용해 메시지를 만듭니다.", "nextQuestionNumber": 19}
             ]
           }'
       );

-- 3-4. [2단계 - 계획성] 해변 신호 루트 (QUESTION_NUMBER = 9)
INSERT INTO TB_SIMULATION_QUESTIONS (QUESTION_id, SCENARIO_ID, QUESTION_NUMBER, QUESTION_TEXT, CHOICE_OPTIONS)
VALUES (
           9, 1, 9,
           '해변에 불을 피웠습니다. 하지만 시간이 지나도 아무런 반응이 없습니다. 어떻게 해야 할까요?',
           '{
             "options": [
               {"text": "밤새도록 불이 꺼지지 않게 관리하며 기다린다.", "trait": "PERSEVERANCE", "nextNarrative": "당신은 끈기 있게 기회를 기다리기로 합니다. 밤하늘의 별을 보며 희망을 놓지 않습니다.", "nextQuestionNumber": 20},
               {"text": "더 큰 연기를 위해 젖은 나뭇잎을 던져 넣는다.", "trait": "ADAPTABILITY", "nextNarrative": "당신은 기존 방식에 얽매이지 않고, 더 나은 방법을 시도합니다. 젖은 잎이 타오르며 짙은 연기를 뿜어냅니다.", "nextQuestionNumber": 21}
             ]
           }'
       );

-- 3-5. [2단계 - 신중/현실] 동굴 은신처 루트 (QUESTION_NUMBER = 10)
INSERT INTO TB_SIMULATION_QUESTIONS (QUESTION_ID, SCENARIO_ID, QUESTION_NUMBER, QUESTION_TEXT, CHOICE_OPTIONS)
VALUES (
           10, 1, 10,
           '동굴 안쪽으로 들어가 보니, 작은 틈새에서 희미한 빛이 새어 나옵니다. 어떻게 하시겠습니까?',
           '{
             "options": [
               {"text": "빛이 나는 곳으로 조심스럽게 더 들어가 본다.", "trait": "CURIOSITY", "nextNarrative": "당신은 미지의 것에 대한 호기심을 이기지 못하고 빛을 따라 더 깊숙이 들어갑니다.", "nextQuestionNumber": 22},
               {"text": "위험할 수 있으니, 빛이 보이는 곳까지만 가서 주변을 확인한다.", "trait": "CAUTION", "nextNarrative": "당신은 안전을 최우선으로 생각합니다. 틈새 주변만 살피며 더 이상 진입하지 않습니다.", "nextQuestionNumber": 23}
             ]
           }'
       );

-- 3-6. [2단계 - 신중/현실] 동굴 바로 진입 루트 (QUESTION_NUMBER = 11)
INSERT INTO TB_SIMULATION_QUESTIONS (QUESTION_ID, SCENARIO_ID, QUESTION_NUMBER, QUESTION_TEXT, CHOICE_OPTIONS)
VALUES (
           11, 1, 11,
           '동굴 안으로 들어오자마자, 천장에서 물방울이 떨어지는 소리가 들립니다. 어떻게 하시겠습니까?',
           '{
             "options": [
               {"text": "물방울이 떨어지는 곳을 찾아 식수로 사용할 수 있는지 확인한다.", "trait": "REALISM", "nextNarrative": "당신은 기회를 놓치지 않고 생존에 필요한 자원을 확보하려 합니다. 물방울이 모이는 곳을 살핍니다.", "nextQuestionNumber": 16},
               {"text": "안전하게 잠들 수 있는 가장 깊숙한 곳을 찾아 자리를 잡는다.", "trait": "CAUTION", "nextNarrative": "당신은 잠시 후퇴하여 안전한 휴식을 취하는 것을 우선시합니다. 동굴 깊숙한 곳에 몸을 눕힙니다.", "nextQuestionNumber": 24}
             ]
           }'
       );

-- 3-7. [2단계 - 계획성] 해안선 탐색 루트 (QUESTION_NUMBER = 12)
INSERT INTO TB_SIMULATION_QUESTIONS (QUESTION_ID, SCENARIO_ID, QUESTION_NUMBER, QUESTION_TEXT, CHOICE_OPTIONS)
VALUES (
           12, 1, 12,
           '해안선을 따라 걷던 중, 작은 조약돌들로 이루어진 조용한 만을 발견했습니다. 낚시하기 좋은 장소 같아 보입니다. 어떻게 하시겠습니까?',
           '{
             "options": [
               {"text": "낚싯줄을 만들 도구를 찾아 물고기를 잡을 준비를 한다.", "trait": "PLANNING", "nextNarrative": "당신은 즉시 식량 확보 계획을 세웁니다. 주변의 재료를 이용해 낚시 도구를 만들기 시작합니다.", "nextQuestionNumber": 25},
               {"text": "일단 쉬면서 주변을 관찰하고, 나중에 다시 올 계획을 세운다.", "trait": "CAUTION", "nextNarrative": "당신은 서두르지 않고, 더 완벽한 기회를 기다립니다. 만의 풍경을 둘러보며 휴식을 취합니다.", "nextQuestionNumber": 26}
             ]
           }'
       );

-- 3-8. [2단계 - 리더십] 높은 곳 조망 루트 (QUESTION_NUMBER = 13)
INSERT INTO TB_SIMULATION_QUESTIONS (QUESTION_ID, SCENARIO_ID, QUESTION_NUMBER, QUESTION_TEXT, CHOICE_OPTIONS)
VALUES (
           13, 1, 13,
           '가장 높은 나무에 올라 섬 전체를 조망합니다. 멀리서 연기가 피어오르는 것을 발견했습니다. 어떻게 하시겠습니까?',
           '{
             "options": [
               {"text": "연기가 나는 곳으로 즉시 향해 생존자를 찾아 나선다.", "trait": "LEADERSHIP", "nextNarrative": "당신은 다른 생존자의 존재에 희망을 걸고 즉시 행동에 나섭니다. 연기가 나는 방향으로 발걸음을 재촉합니다.", "nextQuestionNumber": 27},
               {"text": "섣불리 접근하지 않고, 연기의 크기나 형태를 더 관찰한다.", "trait": "CAUTION", "nextNarrative": "당신은 모든 가능성을 염두에 둡니다. 연기의 출처를 파악하기 위해 더욱 집중해서 지켜봅니다.", "nextQuestionNumber": 28}
             ]
           }'
       );

-- =============================================
-- 4단계 질문들 (분기 더 깊게, 혹은 종료로 연결)
-- =============================================
-- 4-1. [3단계 - 행동] 해독제/식수 루트 (QUESTION_NUMBER = 14)
INSERT INTO TB_SIMULATION_QUESTIONS (QUESTION_ID, SCENARIO_ID, QUESTION_NUMBER, QUESTION_TEXT, CHOICE_OPTIONS)
VALUES (
           14, 1, 14,
           '몸의 독성을 해독할 약초를 찾기 위해 정글을 헤치던 중, 맹수 발자국을 발견했습니다. 어떻게 하시겠습니까?',
           '{
             "options": [
               {"text": "발자국을 피해 다른 길로 우회하여 계속 약초를 찾는다.", "trait": "CAUTION", "nextNarrative": "당신은 불필요한 위험을 피하기 위해 길을 바꿉니다. 조심스럽게 발소리를 죽여 정글을 나아갑니다.", "nextQuestionNumber": null},
               {"text": "맹수를 피할 수 있는 무기를 만들며 약초를 계속 찾는다.", "trait": "REALISM", "nextNarrative": "당신은 위험에 대비하며 목표를 달성하려 합니다. 튼튼한 나뭇가지를 찾아 칼로 다듬기 시작합니다.", "nextQuestionNumber": null}
             ]
           }'
       );

-- 4-2. [3단계 - 신중] 휴식 루트 (QUESTION_NUMBER = 15)
INSERT INTO TB_SIMULATION_QUESTIONS (QUESTION_ID, SCENARIO_ID, QUESTION_NUMBER, QUESTION_TEXT, CHOICE_OPTIONS)
VALUES (
           15, 1, 15,
           '충분히 쉬었지만, 몸의 어지러움은 계속됩니다. 이제 어떻게 하시겠습니까?',
           '{
             "options": [
               {"text": "다시 물을 찾아 마시거나, 다른 종류의 식량을 찾아본다.", "trait": "ADAPTABILITY", "nextNarrative": "당신은 해결책을 찾기 위해 다른 시도를 합니다. 새로운 식량원을 찾아 탐색을 재개합니다.", "nextQuestionNumber": null},
               {"text": "이대로는 위험하다. 최대한 안전한 곳에 머물며 구조를 기다린다.", "trait": "CAUTION", "nextNarrative": "당신은 무모한 행동보다 안전한 대기를 선택합니다. 동굴이나 은신처에 머물며 체력을 비축합니다.", "nextQuestionNumber": null}
             ]
           }'
       );

-- 4-3. [3단계 - 현실/계획] 샘물 발견 후 (QUESTION_NUMBER = 16)
INSERT INTO TB_SIMULATION_QUESTIONS (QUESTION_ID, SCENARIO_ID, QUESTION_NUMBER, QUESTION_TEXT, CHOICE_OPTIONS)
VALUES (
           16, 1, 16,
           '샘물을 마시거나 물을 끓여 마셨습니다. 이제 목마름은 해소되었지만, 다른 생존의 문제가 남아있습니다. 어떻게 하시겠습니까?',
           '{
             "options": [
               {"text": "섬 주변을 탐색하여 식량원을 추가로 확보한다.", "trait": "REALISM", "nextNarrative": "당신은 물 문제 해결 후, 다음 단계인 식량 확보에 집중합니다.", "nextQuestionNumber": null},
               {"text": "구조 신호를 보낼 수 있는 높은 곳을 찾아본다.", "trait": "LEADERSHIP", "nextNarrative": "당신은 생존과 동시에 구조 가능성을 높이는 데 집중합니다.", "nextQuestionNumber": null}
             ]
           }'
       );

-- 4-4. [3단계 - 계획] 불 피우기 후 (QUESTION_NUMBER = 17)
INSERT INTO TB_SIMULATION_QUESTIONS (QUESTION_ID, SCENARIO_ID, QUESTION_NUMBER, QUESTION_TEXT, CHOICE_OPTIONS)
VALUES (
           17, 1, 17,
           '불을 피웠고 물도 끓여 마실 수 있게 되었습니다. 이제 무엇을 해야 할까요?',
           '{
             "options": [
               {"text": "생존 도구를 추가로 만들거나 정비한다. (예: 낚싯대, 사냥용 창)", "trait": "PLANNING", "nextNarrative": "당신은 현재 상황에 만족하지 않고, 미래를 위한 준비를 철저히 합니다.", "nextQuestionNumber": null},
               {"text": "섬을 벗어날 수 있는 뗏목 제작을 시작한다.", "trait": "ADVENTURE", "nextNarrative": "당신은 섬에 갇히는 것을 거부하고, 적극적으로 탈출을 시도합니다.", "nextQuestionNumber": null}
             ]
           }'
       );

-- 4-5. [3단계 - 리더십/창의성] 봉우리 신호 후 (QUESTION_NUMBER = 18)
INSERT INTO TB_SIMULATION_QUESTIONS (QUESTION_ID, SCENARIO_ID, QUESTION_NUMBER, QUESTION_TEXT, CHOICE_OPTIONS)
VALUES (
           18, 1, 18,
           '신호를 보낸 지 몇 시간 후, 멀리서 배가 다가오는 것을 발견했습니다! 어떤 감정이 드나요?',
           '{
             "options": [
               {"text": "마침내 구조된다는 안도감과 기쁨에 휩싸인다.", "trait": "OPTIMISM", "nextNarrative": "당신은 모든 고난이 끝났다는 희망에 벅차오릅니다. 손을 흔들며 배를 향해 달려갑니다.", "nextQuestionNumber": null},
               {"text": "섣부른 판단은 금물. 배의 국적이나 의도를 먼저 살핀다.", "trait": "CAUTION", "nextNarrative": "당신은 마지막까지 경계를 늦추지 않습니다. 다가오는 배를 예리하게 관찰합니다.", "nextQuestionNumber": null}
             ]
           }'
       );

-- 4-6. [3단계 - 끈기/적응] 해변 신호 후 (QUESTION_NUMBER = 19)
INSERT INTO TB_SIMULATION_QUESTIONS (QUESTION_ID, SCENARIO_ID, QUESTION_NUMBER, QUESTION_TEXT, CHOICE_OPTIONS)
VALUES (
           19, 1, 19,
           '밤새 신호를 보내거나 새로운 방법을 시도했지만, 결국 아침이 되었습니다. 구조의 기미는 보이지 않습니다. 어떻게 하시겠습니까?',
           '{
             "options": [
               {"text": "계속해서 구조 신호를 보내되, 생존 활동을 병행한다.", "trait": "PERSEVERANCE", "nextNarrative": "당신은 포기하지 않으면서도 현실적인 생존에 집중합니다. 불씨를 살리면서 동시에 식량을 찾아 나섭니다.", "nextQuestionNumber": null},
               {"text": "당분간은 구조를 포기하고 섬에 적응할 계획을 세운다.", "trait": "ADAPTABILITY", "nextNarrative": "당신은 유연하게 상황을 받아들이고 새로운 계획을 세웁니다. 섬에서의 장기 생존 방법을 고민하기 시작합니다.", "nextQuestionNumber": null}
             ]
           }'
       );

-- 4-7. [3단계 - 호기심/신중] 동굴 깊이/입구 탐색 후 (QUESTION_NUMBER = 20)
INSERT INTO TB_SIMULATION_QUESTIONS (QUESTION_ID, SCENARIO_ID, QUESTION_NUMBER, QUESTION_TEXT, CHOICE_OPTIONS)
VALUES (
           20, 1, 20,
           '동굴 내부 탐색 중, 고대 유물로 보이는 물건을 발견했습니다. 어떻게 하시겠습니까?',
           '{
             "options": [
               {"text": "유물을 자세히 살펴보고, 혹시 유용하게 쓸 수 있을지 고민한다.", "trait": "CURIOSITY", "nextNarrative": "당신은 미지의 유물에 강한 호기심을 느낍니다. 조심스럽게 유물을 만져봅니다.", "nextQuestionNumber": null},
               {"text": "위험한 물건일 수 있으니 만지지 않고 지나친다.", "trait": "CAUTION", "nextNarrative": "당신은 불필요한 위험을 피하는 것을 우선시합니다. 유물을 뒤로하고 원래 목적지로 향합니다.", "nextQuestionNumber": null}
             ]
           }'
       );

-- 4-8. [3단계 - 현실/신중] 동굴 휴식 후 (QUESTION_NUMBER = 21)
INSERT INTO TB_SIMULATION_QUESTIONS (QUESTION_ID, SCENARIO_ID, QUESTION_NUMBER, QUESTION_TEXT, CHOICE_OPTIONS)
VALUES (
           21, 1, 21,
           '동굴에서 하룻밤을 보냈습니다. 추위와 위험은 면했지만, 여전히 배고픔과 갈증이 문제입니다. 어떻게 하시겠습니까?',
           '{
             "options": [
               {"text": "식량과 물을 찾아 동굴 밖으로 나선다.", "trait": "REALISM", "nextNarrative": "당신은 생존에 필요한 필수 자원을 확보하기 위해 동굴을 나섭니다.", "nextQuestionNumber": null},
               {"text": "안전한 동굴에서 버틸 수 있을 때까지 버틴다.", "trait": "PASSIVITY", "nextNarrative": "당신은 현재의 안전을 유지하는 것을 우선시합니다. 외부 세계의 위험을 피하며 동굴에 머무릅니다.", "nextQuestionNumber": null}
             ]
           }'
       );

-- 4-9. [3단계 - 계획/신중] 만 탐색 후 (QUESTION_NUMBER = 22)
INSERT INTO TB_SIMULATION_QUESTIONS (QUESTION_ID, SCENARIO_ID, QUESTION_NUMBER, QUESTION_TEXT, CHOICE_OPTIONS)
VALUES (
           22, 1, 22,
           '아름다운 만에서 휴식을 취하거나 낚시를 준비했습니다. 다음으로 무엇을 하시겠습니까?',
           '{
             "options": [
               {"text": "낚시를 시작하여 식량 확보에 집중한다.", "trait": "PLANNING", "nextNarrative": "당신은 계획했던 대로 식량 확보에 나섭니다. 조심스럽게 낚싯대를 드리웁니다.", "nextQuestionNumber": null},
               {"text": "만 주변의 지형을 탐색하여 또 다른 유용한 것을 찾아본다.", "trait": "EXPLORATION", "nextNarrative": "당신은 하나의 목표에만 집중하지 않고, 주변의 잠재적 자원을 탐색합니다.", "nextQuestionNumber": null}
             ]
           }'
       );

-- 4-10. [3단계 - 리더십/신중] 높은 나무 관찰 후 (QUESTION_NUMBER = 23)
INSERT INTO TB_SIMULATION_QUESTIONS (QUESTION_ID, SCENARIO_ID, QUESTION_NUMBER, QUESTION_TEXT, CHOICE_OPTIONS)
VALUES (
           23, 1, 23,
           '피어오르는 연기를 계속 관찰했습니다. 연기가 매우 크고 규칙적입니다. 인위적인 신호일까요?',
           '{
             "options": [
               {"text": "생존자일 가능성이 높다. 즉시 연기가 나는 곳으로 향한다.", "trait": "LEADERSHIP", "nextNarrative": "당신은 희망을 가지고 위험을 감수하기로 합니다. 지체 없이 연기 방향으로 발걸음을 옮깁니다.", "nextQuestionNumber": null},
               {"text": "아직 확실하지 않다. 더 많은 정보를 수집한 후 결정한다.", "trait": "CAUTION", "nextNarrative": "당신은 확실한 정보가 없으면 움직이지 않습니다. 다른 신호는 없는지 계속 주시합니다.", "nextQuestionNumber": null}
             ]
           }'
       );

--ddddddddddddddddddddddddddddddddddddddddd

INSERT INTO TB_SIMULATION_QUESTIONS (question_id, scenario_id, question_number, question_text, choice_options)
VALUES (24, 3, 1, '마음의 정원에 들어섭니다. 시들하지만 익숙한 꽃, 이제 막 싹을 틔운 새싹, 그리고 모든 것을 조망할 수 있는 작은 벤치가 보입니다. 가장 먼저 무엇을 하시겠습니까?',
        '{"options":[
            {"text":"익숙한 꽃에 먼저 물을 주어 다시 생기를 찾게 한다.","nextNarrative":"당신은 익숙하고 소중한 것을 먼저 돌봅니다. 물을 머금은 꽃이 서서히 고개를 듭니다.","nextQuestionNumber":2},
            {"text":"작은 새싹에 물을 주어 새로운 시작을 응원한다.","nextNarrative":"당신은 새로운 가능성에 기대를 겁니다. 작은 새싹이 물을 흠뻑 마시고 파릇한 빛을 띕니다.","nextQuestionNumber":3},
            {"text":"벤치에 앉아 잠시 정원 전체를 조용히 바라본다.","nextNarrative":"당신은 행동에 앞서 먼저 상황을 관조하고 자신의 마음을 살핍니다. 부드러운 바람이 뺨을 스칩니다.","nextQuestionNumber":4}
        ]}');

-- =============================================
-- 2단계 질문들
-- =============================================
INSERT INTO TB_SIMULATION_QUESTIONS (question_id, scenario_id, question_number, question_text, choice_options)
VALUES (25, 3, 2, '꽃은 다시 활짝 피었지만, 그 주변에 자라난 잡초들이 눈에 띕니다. 어떻게 하시겠습니까?',
        '{"options":[
            {"text":"시간이 걸리더라도 잡초를 하나하나 정성껏 뽑아준다.","nextNarrative":"당신은 문제의 근원을 해결하고자 합니다. 잡초를 뽑아낸 자리가 한결 깔끔해졌습니다.","nextQuestionNumber":5},
            {"text":"꽃이 더 강해지도록, 영양제를 먼저 뿌려준다.","nextNarrative":"당신은 우선 강점을 더 키우는 데 집중합니다. 영양분을 받은 꽃의 색이 더욱 선명해집니다.","nextQuestionNumber":6},
            {"text":"시든 잎과 가지를 조심스럽게 정리해준다.","nextNarrative":"당신은 불필요한 것을 덜어내어 본질에 집중합니다. 꽃의 모습이 한결 단정해졌습니다.","nextQuestionNumber":7}
        ]}');
INSERT INTO TB_SIMULATION_QUESTIONS (question_id, scenario_id, question_number, question_text, choice_options)
VALUES (26, 3, 3, '새싹이 조금 자라나자, 어떤 식물인지 아직 알 수 없습니다. 마침 옆에는 특별한 성장 촉진제가 놓여 있습니다.',
        '{"options":[
            {"text":"성장 촉진제를 사용하여 빨리 정체를 확인하고 싶다.","nextNarrative":"당신은 빠른 결과를 통해 불확실성을 해소하려 합니다. 새싹이 눈에 띄게 자라기 시작합니다.","nextQuestionNumber":8},
            {"text":"햇빛과 물만으로, 본연의 속도대로 자라도록 둔다.","nextNarrative":"당신은 과정의 소중함을 믿습니다. 새싹은 서두르지 않고 차분히 자라날 준비를 합니다.","nextQuestionNumber":9},
            {"text":"새싹의 모습을 관찰 일지에 스케치하며 기록한다.","nextNarrative":"당신은 결과보다 과정 자체를 즐기며 호기심을 채워나갑니다. 작은 잎맥 하나하나가 신비롭습니다.","nextQuestionNumber":10}
        ]}');
INSERT INTO TB_SIMULATION_QUESTIONS (question_id, scenario_id, question_number, question_text, choice_options)
VALUES (27, 3, 4, '벤치에 앉아 정원을 바라보니, 흙이 전체적으로 말라있는 것을 발견했습니다. 어떻게 하시겠습니까?',
        '{"options":[
            {"text":"정원 전체에 골고루 물을 뿌려준다.","nextNarrative":"당신은 어느 한 곳에 치우치지 않고 전체의 조화를 중요하게 생각합니다. 정원 전체가 촉촉해집니다.","nextQuestionNumber":11},
            {"text":"가장 시급해 보이는 곳부터 찾아가 물을 준다.","nextNarrative":"당신은 가장 중요한 문제를 먼저 해결하는 효율적인 방식을 선호합니다. 가장 마른 땅으로 향합니다.","nextQuestionNumber":12},
            {"text":"아직 괜찮다. 잠시 더 누워 구름을 바라보기로 한다.","nextNarrative":"당신은 지금 당장 행동하기보다, 자신에게 충분한 휴식을 주는 것을 선택합니다. 마음이 편안해집니다.","nextQuestionNumber":13}
        ]}');

-- =============================================
-- 3단계 질문들
-- =============================================
INSERT INTO TB_SIMULATION_QUESTIONS (question_id, scenario_id, question_number, question_text, choice_options)
VALUES (28, 3, 5, '잡초를 뽑아낸 빈자리가 허전해 보입니다. 마침 손에는 여러 색의 들꽃 씨앗이 들려 있습니다.',
        '{"options":[
            {"text":"빈자리에 들꽃 씨앗을 뿌려 새로운 아름다움을 더한다.","nextNarrative":"당신은 비어있는 공간을 새로운 기회로 채웁니다.","nextQuestionNumber":14},
            {"text":"그대로 두어, 원래 있던 꽃이 더 넓게 자랄 공간을 준다.","nextNarrative":"당신은 선택과 집중에 가치를 둡니다.","nextQuestionNumber":15},
            {"text":"작은 조약돌을 가져와 그 주변을 예쁘게 장식한다.","nextNarrative":"당신은 기능뿐 아니라 심미적인 만족감도 중요하게 생각합니다.","nextQuestionNumber":16}
        ]}');
INSERT INTO TB_SIMULATION_QUESTIONS (question_id, scenario_id, question_number, question_text, choice_options)
VALUES (29, 3, 6, '영양분을 듬뿍 받은 꽃이 탐스럽게 피어났습니다. 그 위로 예쁜 나비 한 마리가 날아와 앉습니다.',
        '{"options":[
            {"text":"나비가 편히 쉴 수 있도록, 가만히 그 순간의 평화를 즐긴다.","nextNarrative":"당신은 현재의 만족과 평화로운 순간을 소중히 여깁니다.","nextQuestionNumber":17},
            {"text":"나비가 다른 곳으로 날아갈 때, 어디로 향하는지 따라가 본다.","nextNarrative":"당신은 현재의 만족을 넘어 새로운 발견을 추구합니다.","nextQuestionNumber":18},
            {"text":"스마트폰을 꺼내 이 아름다운 순간을 사진으로 남긴다.","nextNarrative":"당신은 소중한 순간을 기록으로 남겨 오래 간직하고 싶어 합니다.","nextQuestionNumber":19}
        ]}');
INSERT INTO TB_SIMULATION_QUESTIONS (question_id, scenario_id, question_number, question_text, choice_options)
VALUES (30, 3, 7, '단정해진 꽃 주변으로 향기로운 허브를 몇 포기 심어보면 어떨까 하는 생각이 듭니다.',
        '{"options":[
            {"text":"마음을 차분하게 해주는 라벤더를 심는다.","nextNarrative":"당신은 마음의 평온을 주는 향기를 선택했습니다.","nextQuestionNumber":20},
            {"text":"기분을 상쾌하게 하는 민트를 심는다.","nextNarrative":"당신은 분위기를 환기하고 활력을 주는 향기를 선택했습니다.","nextQuestionNumber":21},
            {"text":"아무것도 심지 않고, 미니멀한 상태를 유지한다.","nextNarrative":"당신은 복잡함보다 단순함이 주는 편안함을 선택합니다.","nextQuestionNumber":22}
        ]}');
INSERT INTO TB_SIMULATION_QUESTIONS (question_id, scenario_id, question_number, question_text, choice_options)
VALUES (31, 3, 8, '새싹은 놀라운 속도로 자라나 아름다운 덩굴 식물이 되었습니다. 덩굴이 근처의 오래된 벽을 타고 오르기 시작합니다.',
        '{"options":[
            {"text":"덩굴이 낡은 벽을 자유롭게 덮도록 내버려 둔다.","nextNarrative":"당신은 과거의 흔적을 새로운 아름다움으로 덮는 과정을 수용합니다.","nextQuestionNumber":23},
            {"text":"덩굴이 더 잘 자랄 수 있도록 새로운 지지대를 세워준다.","nextNarrative":"당신은 성장을 위한 체계적인 기반을 마련해줍니다.","nextQuestionNumber":24},
            {"text":"덩굴의 성장이 너무 빠르진 않은지, 건강 상태를 살핀다.","nextNarrative":"당신은 빠른 성장 속의 이면을 살피는 책임감 있는 태도를 보입니다.","nextQuestionNumber":25}
        ]}');
INSERT INTO TB_SIMULATION_QUESTIONS (question_id, scenario_id, question_number, question_text, choice_options)
VALUES (32, 3, 9, '새싹은 천천히, 하지만 튼튼하게 자라 이제 보니 작은 열매를 맺는 나무입니다. 열매를 맺으려면 시간이 더 필요해 보입니다.',
        '{"options":[
            {"text":"열매가 열릴 날을 기대하며, 매일 꾸준히 돌본다.","nextNarrative":"당신은 먼 미래의 결실을 위해 꾸준히 노력합니다.","nextQuestionNumber":26},
            {"text":"열매가 열릴 동안, 정원의 다른 식물들을 돌본다.","nextNarrative":"당신은 하나의 목표에 얽매이지 않고, 현재 할 수 있는 다른 일들을 찾아 나섭니다.","nextQuestionNumber":27},
            {"text":"열매가 더 빨리 열리도록 주변 환경을 개선할 방법을 찾아본다.","nextNarrative":"당신은 현재에 안주하지 않고 더 나은 결과를 위해 노력합니다.","nextQuestionNumber":28}
        ]}');
INSERT INTO TB_SIMULATION_QUESTIONS (question_id, scenario_id, question_number, question_text, choice_options)
VALUES (33, 3, 10, '스케치를 마치고 나니, 이 새싹에 어울리는 작은 이름표를 만들어주고 싶다는 생각이 듭니다.',
        '{"options":[
            {"text":"''희망''이라고 적어 걸어준다.","nextNarrative":"당신은 이 작은 생명에게서 긍정적인 미래를 봅니다.","nextQuestionNumber":29},
            {"text":"''인내''라고 적어 걸어준다.","nextNarrative":"당신은 묵묵히 자라나는 과정의 가치를 중요하게 생각합니다.","nextQuestionNumber":30},
            {"text":"아직은 이름을 붙이지 않고, 더 지켜보기로 한다.","nextNarrative":"당신은 섣부른 정의를 내리지 않고 대상을 충분히 이해하려 합니다.","nextQuestionNumber":31}
        ]}');
INSERT INTO TB_SIMULATION_QUESTIONS (question_id, scenario_id, question_number, question_text, choice_options)
VALUES (34, 3, 11, '정원 전체가 생기를 되찾았습니다. 흙냄새와 풀냄새가 기분 좋게 섞여 올라옵니다.',
        '{"options":[
            {"text":"맨발로 흙을 밟으며 자연의 감촉을 느껴본다.","nextNarrative":"당신은 자연과의 직접적인 교감을 통해 위안을 얻습니다.","nextQuestionNumber":32},
            {"text":"정원에 작은 의자를 놓고 풍경을 감상한다.","nextNarrative":"당신은 자신의 노력이 만들어낸 결과를 차분히 즐깁니다.","nextQuestionNumber":33},
            {"text":"정원에 어울리는 배경 음악을 틀어본다.","nextNarrative":"당신은 감각적인 요소를 더해 현재의 경험을 풍부하게 만듭니다.","nextQuestionNumber":34}
        ]}');
INSERT INTO TB_SIMULATION_QUESTIONS (question_id, scenario_id, question_number, question_text, choice_options)
VALUES (35, 3, 12, '가장 말랐던 곳의 식물들이 다시 살아나는 것을 보니 안도감이 듭니다. 이제 다른 곳도 돌봐야 할까요?',
        '{"options":[
            {"text":"아직 물이 부족한 다른 곳에도 마저 물을 준다.","nextNarrative":"당신은 일을 시작하면 끝까지 완수하려는 꼼꼼한 성격입니다.","nextQuestionNumber":35},
            {"text":"가장 큰 문제를 해결했으니 잠시 쉬어가기로 한다.","nextNarrative":"당신은 최소한의 노력으로 최대의 효과를 얻는 것을 중요하게 생각합니다.","nextQuestionNumber":36},
            {"text":"문제가 해결된 식물 옆에 앉아, 그 변화를 지켜본다.","nextNarrative":"당신은 행동의 결과를 음미하며 그 의미를 되새깁니다.","nextQuestionNumber":37}
        ]}');
INSERT INTO TB_SIMULATION_QUESTIONS (question_id, scenario_id, question_number, question_text, choice_options)
VALUES (36, 3, 13, '충분히 휴식을 취하고 나니 몸과 마음이 가벼워졌습니다. 이제 무언가 하고 싶은 의욕이 생깁니다.',
        '{"options":[
            {"text":"정원을 한 바퀴 산책하며 앞으로 할 일을 구상한다.","nextNarrative":"당신은 휴식을 통해 얻은 에너지로 새로운 계획을 세웁니다.","nextQuestionNumber":38},
            {"text":"정원에서 가장 마음에 드는 꽃 한 송이를 꺾어본다.","nextNarrative":"당신은 자신에게 작은 선물을 주며 스스로를 격려합니다.","nextQuestionNumber":39},
            {"text":"가장 손길이 필요한 곳으로 다가가 일을 시작한다.","nextNarrative":"당신은 생각보다 행동으로 바로 옮기는 실천적인 사람입니다.","nextQuestionNumber":40}
        ]}');

-- =============================================
-- 4단계 질문들
-- =============================================
INSERT INTO TB_SIMULATION_QUESTIONS (question_id, scenario_id, question_number, question_text, choice_options) VALUES (37, 3, 14, '들꽃 씨앗을 뿌린 자리에 다음 날 아침, 작은 싹들이 돋아났습니다. 이 생명력 넘치는 풍경을 보니 어떤 생각이 드나요?', '{"options":[{"text":"작은 노력으로도 큰 변화를 만들 수 있구나.","nextNarrative":"당신은 작은 행동의 가치를 깨닫습니다.","nextQuestionNumber":41},{"text":"앞으로 얼마나 다채로운 정원이 될지 기대된다.","nextNarrative":"당신은 긍정적인 미래를 상상하며 설렘을 느낍니다.","nextQuestionNumber":42},{"text":"다른 빈 곳에도 씨앗을 더 뿌려볼까?","nextNarrative":"당신은 하나의 성공에 그치지 않고 더 큰 성과를 추구합니다.","nextQuestionNumber":43}]}');
INSERT INTO TB_SIMULATION_QUESTIONS (question_id, scenario_id, question_number, question_text, choice_options) VALUES (38, 3, 15, '익숙한 꽃이 더욱 풍성하게 자라 정원의 중심이 되었습니다. 이제 이 정원은 어떤 느낌을 주나요?', '{"options":[{"text":"안정적이고 편안한 나만의 안식처.","nextNarrative":"당신은 잘 가꿔진 익숙함 속에서 가장 큰 평온함을 느낍니다.","nextQuestionNumber":44},{"text":"조금은 단조롭지만, 질서정연한 공간.","nextNarrative":"당신은 예측 가능하고 잘 정돈된 상태에서 안정감을 느낍니다.","nextQuestionNumber":45},{"text":"나의 꾸준한 노력이 만들어낸 자랑스러운 결과물.","nextNarrative":"당신은 자신의 노력을 통해 얻은 결과에 자부심을 느낍니다.","nextQuestionNumber":46}]}');
INSERT INTO TB_SIMULATION_QUESTIONS (question_id, scenario_id, question_number, question_text, choice_options) VALUES (39, 3, 16, '반짝이는 조약돌들이 꽃 주변을 아기자기하게 장식합니다. 이 모습을 보니 어떤 즐거움을 느끼시나요?', '{"options":[{"text":"세상을 아름답게 만드는 작은 노력의 즐거움.","nextNarrative":"당신은 세상을 가꾸는 작은 행동에서 기쁨을 찾습니다.","nextQuestionNumber":47},{"text":"나만의 감각으로 무언가를 꾸미는 창작의 즐거움.","nextNarrative":"당신은 자신을 표현하는 창의적인 활동에서 행복을 느낍니다.","nextQuestionNumber":48},{"text":"정돈된 풍경을 보며 느끼는 마음의 평화.","nextNarrative":"당신은 질서와 정돈됨 속에서 마음의 안정을 찾습니다.","nextQuestionNumber":49}]}');
INSERT INTO TB_SIMULATION_QUESTIONS (question_id, scenario_id, question_number, question_text, choice_options) VALUES (40, 3, 17, '평화로운 정원의 풍경에 마음이 차분해집니다. 문득, 정원에 어울리는 음악이 있으면 좋겠다는 생각이 듭니다.', '{"options":[{"text":"잔잔한 클래식 음악을 튼다.","nextNarrative":"당신은 평온한 분위기를 더욱 깊게 만들고 싶어 합니다.","nextQuestionNumber":50},{"text":"경쾌한 재즈 음악을 튼다.","nextNarrative":"당신은 평온함 속에 즐거운 활기를 더하고 싶어 합니다.","nextQuestionNumber":51},{"text":"음악 없이, 자연의 소리에 귀 기울인다.","nextNarrative":"당신은 인공적인 것보다 자연 그대로의 소리에서 위안을 얻습니다.","nextQuestionNumber":52}]}');
INSERT INTO TB_SIMULATION_QUESTIONS (question_id, scenario_id, question_number, question_text, choice_options) VALUES (41, 3, 18, '나비를 따라가 보니, 정원 구석에 숨겨진 작은 연못을 발견했습니다. 연못에는 무엇이 있나요?', '{"options":[{"text":"맑은 물속을 헤엄치는 작은 물고기들.","nextNarrative":"당신은 숨겨진 곳에서 새로운 생명력과 활기를 발견합니다.","nextQuestionNumber":53},{"text":"하늘을 비추는 고요한 수면.","nextNarrative":"당신은 비어있음 속에서 자신을 비춰볼 수 있는 성찰의 공간을 발견합니다.","nextQuestionNumber":54},{"text":"아름다운 빛깔의 수련 한 송이.","nextNarrative":"당신은 예상치 못한 곳에서 순수한 아름다움을 발견하는 심미안을 가졌습니다.","nextQuestionNumber":55}]}');
INSERT INTO TB_SIMULATION_QUESTIONS (question_id, scenario_id, question_number, question_text, choice_options) VALUES (42, 3, 19, '사진을 다시 들여다봅니다. 화면 속 정원은 실제보다 더 아름답게 느껴지기도 합니다. 그 이유는 무엇일까요?', '{"options":[{"text":"그 순간의 행복한 감정까지 함께 담겼기 때문에.","nextNarrative":"당신은 사물에 감정을 담아 기억하는 따뜻한 사람입니다.","nextQuestionNumber":56},{"text":"내가 직접 포착한 ''작품''이라는 애정이 더해졌기 때문에.","nextNarrative":"당신은 자신의 창조물에 깊은 애착과 자부심을 느낍니다.","nextQuestionNumber":57},{"text":"시간이 지나도 변치 않을 거라는 안도감 때문에.","nextNarrative":"당신은 순간을 영원으로 만들고 싶은 소망을 가지고 있습니다.","nextQuestionNumber":58}]}');
INSERT INTO TB_SIMULATION_QUESTIONS (question_id, scenario_id, question_number, question_text, choice_options) VALUES (43, 3, 20, '정원에 라벤더 향기가 은은하게 퍼집니다. 마음을 안정시키는 향기 속에서 무엇을 하고 싶으신가요?', '{"options":[{"text":"눈을 감고 깊게 심호흡하며 향을 음미한다.","nextNarrative":"당신은 감각을 통해 스트레스를 해소하고 내면의 평화를 찾습니다.","nextQuestionNumber":59},{"text":"라벤더 잎을 몇 개 따서 차를 만들어 마신다.","nextNarrative":"당신은 자연이 주는 선물을 적극적으로 활용하여 즐거움을 찾습니다.","nextQuestionNumber":60},{"text":"이 향기를 소중한 사람에게도 전해주고 싶다는 생각을 한다.","nextNarrative":"당신은 좋은 것을 경험할 때 사랑하는 사람들을 떠올립니다.","nextQuestionNumber":61}]}');
INSERT INTO TB_SIMULATION_QUESTIONS (question_id, scenario_id, question_number, question_text, choice_options) VALUES (44, 3, 21, '상쾌한 민트 향이 머리를 맑게 해줍니다. 이 새로운 활력으로 무엇을 하고 싶으신가요?', '{"options":[{"text":"오랫동안 미뤄왔던 정원 창고를 정리한다.","nextNarrative":"당신은 상쾌한 기분을 발판 삼아 생산적인 활동으로 이어갑니다.","nextQuestionNumber":62},{"text":"정원 밖으로 나가 가벼운 산책을 한다.","nextNarrative":"당신은 내면의 활력을 외부 활동으로 확장시키고 싶어 합니다.","nextQuestionNumber":63},{"text":"새로운 아이디어를 떠올리거나, 창의적인 구상을 한다.","nextNarrative":"당신은 맑은 정신 상태에서 창의적인 영감을 얻습니다.","nextQuestionNumber":64}]}');
INSERT INTO TB_SIMULATION_QUESTIONS (question_id, scenario_id, question_number, question_text, choice_options) VALUES (45, 3, 22, '정원은 여전히 단순하지만, 그래서 더 본질적인 아름다움이 느껴집니다. 이 공간에서 무엇을 얻어가시나요?', '{"options":[{"text":"복잡한 생각을 비워내는 평온함.","nextNarrative":"당신은 단순함 속에서 생각의 명료함을 찾습니다.","nextQuestionNumber":65},{"text":"가장 중요한 것에만 집중할 수 있는 용기.","nextNarrative":"당신은 덜어냄으로써 더 중요한 것을 얻는 지혜를 가졌습니다.","nextQuestionNumber":66},{"text":"꾸미지 않은 자연스러움의 가치.","nextNarrative":"당신은 인위적인 것보다 있는 그대로의 모습을 사랑합니다.","nextQuestionNumber":67}]}');
INSERT INTO TB_SIMULATION_QUESTIONS (question_id, scenario_id, question_number, question_text, choice_options) VALUES (46, 3, 23, '푸른 덩굴이 낡은 벽을 아름답게 장식했습니다. 이 풍경을 보니 어떤 마음이 드시나요?', '{"options":[{"text":"과거의 상처나 아픔도 아름다움의 일부가 될 수 있구나.","nextNarrative":"당신은 과거의 경험을 현재의 자양분으로 삼는 지혜를 얻습니다.","nextQuestionNumber":68},{"text":"오래된 것을 새롭게 만드는 과정에서 성취감을 느낀다.","nextNarrative":"당신은 자신의 노력으로 만들어낸 긍정적인 변화에 만족합니다.","nextQuestionNumber":46},{"text":"모든 것은 시간이 지나면 변하고, 또 다른 모습으로 태어난다.","nextNarrative":"당신은 변화의 자연스러운 흐름을 받아들입니다.","nextQuestionNumber":69}]}');
INSERT INTO TB_SIMULATION_QUESTIONS (question_id, scenario_id, question_number, question_text, choice_options) VALUES (47, 3, 24, '튼튼한 지지대 덕분에 덩굴이 안정적으로 하늘을 향해 뻗어 나갑니다. 다음으로 무엇을 해주고 싶으신가요?', '{"options":[{"text":"덩굴 주변에 작은 울타리를 쳐서 보호해준다.","nextNarrative":"당신은 소중한 것이 외부의 위협으로부터 안전하기를 바랍니다.","nextQuestionNumber":70},{"text":"더 잘 자라도록 주변의 다른 식물들을 정리해준다.","nextNarrative":"당신은 목표를 위해 주변 환경을 최적화하는 데 집중합니다.","nextQuestionNumber":71},{"text":"지지대 옆에 나란히 앉아 함께 성장하는 기분을 느껴본다.","nextNarrative":"당신은 대상과 함께하며 정서적인 유대감을 형성합니다.","nextQuestionNumber":72}]}');
INSERT INTO TB_SIMULATION_QUESTIONS (question_id, scenario_id, question_number, question_text, choice_options) VALUES (48, 3, 25, '덩굴의 건강 상태를 살펴보니, 몇몇 잎사귀가 노랗게 변해 있습니다. 어떻게 해야 할까요?', '{"options":[{"text":"문제가 되는 잎들을 조심스럽게 떼어낸다.","nextNarrative":"당신은 문제가 커지기 전에 세심하게 관리합니다.","nextQuestionNumber":73},{"text":"토양의 문제일 수 있으니, 흙을 갈아주거나 영양을 보충한다.","nextNarrative":"당신은 현상의 이면에 있는 근본적인 원인을 찾으려 합니다.","nextQuestionNumber":74},{"text":"자연스러운 과정일 수 있으니, 며칠 더 지켜본다.","nextNarrative":"당신은 성급한 결론을 내리기보다 시간을 갖고 지켜보는 지혜가 있습니다.","nextQuestionNumber":75}]}');
INSERT INTO TB_SIMULATION_QUESTIONS (question_id, scenario_id, question_number, question_text, choice_options) VALUES (49, 3, 26, '매일의 보살핌 속에서, 작은 나무는 드디어 첫 열매를 맺었습니다. 그 열매는 어떤 맛일까요?', '{"options":[{"text":"기대만큼이나 달콤하고 상큼한 맛.","nextNarrative":"당신의 꾸준한 노력은 달콤한 성공으로 보상받았습니다.","nextQuestionNumber":76},{"text":"아직은 조금 떫지만, 가능성이 느껴지는 맛.","nextNarrative":"당신은 모든 노력이 즉시 완벽한 결과로 이어지지는 않는다는 것을 압니다.","nextQuestionNumber":77},{"text":"지금까지 먹어보지 못한, 아주 독특하고 새로운 맛.","nextNarrative":"당신이 키워낸 것은 세상에 없던 특별한 결과물입니다.","nextQuestionNumber":78}]}');
INSERT INTO TB_SIMULATION_QUESTIONS (question_id, scenario_id, question_number, question_text, choice_options) VALUES (50, 3, 27, '다른 식물들을 돌보는 사이, 정원은 더욱 풍성해졌습니다. 이제 보니 정원 전체가 조화롭게 어우러져 있습니다.', '{"options":[{"text":"정원 전체의 조화를 감상하며 만족감을 느낀다.","nextNarrative":"당신은 숲 전체를 볼 줄 아는 넓은 시야를 가졌습니다.","nextQuestionNumber":79},{"text":"그중에서도 가장 눈에 띄게 자란 식물에 마음이 간다.","nextNarrative":"당신은 자신의 노력이 만들어낸 가시적인 성과에 자부심을 느낍니다.","nextQuestionNumber":80},{"text":"이 모든 것을 가꾼 나 자신을 조용히 칭찬해준다.","nextNarrative":"당신은 자신의 노고를 인정하고 스스로를 사랑할 줄 압니다.","nextQuestionNumber":81}]}');
INSERT INTO TB_SIMULATION_QUESTIONS (question_id, scenario_id, question_number, question_text, choice_options) VALUES (51, 3, 28, '주변 환경을 개선하기 위해, 햇빛이 더 잘 들도록 큰 나뭇가지를 쳐내기로 합니다. 어떤 기분으로 가지를 치시겠습니까?', '{"options":[{"text":"더 큰 성장을 위한 과감한 결단이라는 생각.","nextNarrative":"당신은 더 나은 미래를 위해 어려운 결정을 내릴 수 있습니다.","nextQuestionNumber":82},{"text":"나무가 아프지 않도록, 미안하고 조심스러운 마음.","nextNarrative":"당신은 목표를 이루는 과정에서도 대상에 대한 배려를 잊지 않습니다.","nextQuestionNumber":83},{"text":"이것이 최선일까, 잠시 고민하는 신중한 마음.","nextNarrative":"당신은 행동의 결과에 대해 깊이 숙고하는 신중한 태도를 가졌습니다.","nextQuestionNumber":84}]}');
INSERT INTO TB_SIMULATION_QUESTIONS (question_id, scenario_id, question_number, question_text, choice_options) VALUES (52, 3, 29, '''희망''이라는 이름표가 바람에 작게 흔들립니다. 이 희망을 어떻게 키워나가고 싶으신가요?', '{"options":[{"text":"매일 아침 가장 먼저 희망에게 인사한다.","nextNarrative":"당신은 꾸준한 습관으로 희망을 일상 속에 자리 잡게 합니다.","nextQuestionNumber":85},{"text":"희망이 외롭지 않게, 주변에 다른 작은 꽃들을 심어준다.","nextNarrative":"당신은 희망이 다른 긍정적인 요소들과 함께 자라길 바랍니다.","nextQuestionNumber":86},{"text":"마음속으로만 간직하며, 겉으로 드러내지 않는다.","nextNarrative":"당신은 조용하지만 단단한 내면의 힘으로 희망을 지켜냅니다.","nextQuestionNumber":87}]}');
INSERT INTO TB_SIMULATION_QUESTIONS (question_id, scenario_id, question_number, question_text, choice_options) VALUES (53, 3, 30, '''인내''라는 이름표를 보니, 지금껏 기다려온 시간들이 떠오릅니다. 당신에게 ''인내''란 어떤 의미인가요?', '{"options":[{"text":"더 나은 결과를 위한 ''필수적인 과정''.","nextNarrative":"당신은 인내를 성공으로 가는 과정의 일부로 받아들입니다.","nextQuestionNumber":88},{"text":"때로는 힘들지만, 결국 나를 성장시키는 ''투자''.","nextNarrative":"당신은 현재의 인내가 미래의 자신을 위한 투자라고 믿습니다.","nextQuestionNumber":89},{"text":"묵묵히 견뎌내는 ''자기와의 싸움''.","nextNarrative":"당신은 인내를 통해 자신을 단련하고 절제력을 키웁니다.","nextQuestionNumber":90}]}');
INSERT INTO TB_SIMULATION_QUESTIONS (question_id, scenario_id, question_number, question_text, choice_options) VALUES (54, 3, 31, '이름 없이 자라나는 새싹은, 그 자체로 자유로워 보입니다. 이 모습을 보며 무엇을 느끼나요?', '{"options":[{"text":"규정되지 않을 때 오는 해방감.","nextNarrative":"당신은 어떤 틀에도 갇히지 않는 자유로운 영혼을 가졌습니다.","nextQuestionNumber":91},{"text":"스스로의 정체성을 찾아갈 거라는 믿음.","nextNarrative":"당신은 타인의 잠재력을 믿고 기다려줄 줄 아는 사람입니다.","nextQuestionNumber":92},{"text":"언젠가 어울리는 이름을 찾아주고 싶다는 기대감.","nextNarrative":"당신은 대상의 무한한 가능성을 보고 그것이 발현되기를 기대합니다.","nextQuestionNumber":93}]}');
INSERT INTO TB_SIMULATION_QUESTIONS (question_id, scenario_id, question_number, question_text, choice_options) VALUES (55, 3, 32, '맨발로 흙을 밟으니, 땅의 단단함과 풀의 부드러움이 고스란히 느껴집니다. 이 감각이 당신에게 어떤 느낌을 주나요?', '{"options":[{"text":"내가 자연의 일부라는 연결감.","nextNarrative":"당신은 모든 존재가 연결되어 있다는 깊은 유대감을 느낍니다.","nextQuestionNumber":94},{"text":"복잡했던 머릿속이 비워지는 상쾌함.","nextNarrative":"당신은 자연을 통해 마음의 부정적인 것들을 정화합니다.","nextQuestionNumber":95},{"text":"어릴 적 흙장난하던 시절을 떠올리게 하는 아늑함.","nextNarrative":"당신은 순수했던 과거의 기억에서 따뜻한 위안을 얻습니다.","nextQuestionNumber":44}]}');
INSERT INTO TB_SIMULATION_QUESTIONS (question_id, scenario_id, question_number, question_text, choice_options) VALUES (56, 3, 33, '의자에 앉아 정원을 감상합니다. 가장 먼저 눈에 들어오는 것은 무엇인가요?', '{"options":[{"text":"바람에 흔들리는 나뭇잎들의 춤.","nextNarrative":"당신은 생동감 넘치는 움직임에서 삶의 에너지를 느낍니다.","nextQuestionNumber":96},{"text":"햇빛을 받아 반짝이는 아침 이슬.","nextNarrative":"당신은 평범한 것들 속에서 특별한 아름다움을 발견하는 눈을 가졌습니다.","nextQuestionNumber":97},{"text":"정원 전체의 색감과 조화.","nextNarrative":"당신은 개별적인 요소보다 전체적인 균형과 조화를 중시합니다.","nextQuestionNumber":79}]}');
INSERT INTO TB_SIMULATION_QUESTIONS (question_id, scenario_id, question_number, question_text, choice_options) VALUES (57, 3, 34, '음악이 흐르자 정원의 분위기가 사뭇 달라집니다. 어떤 변화가 가장 마음에 드나요?', '{"options":[{"text":"음악이 정원의 아름다움을 더욱 극적으로 만든다.","nextNarrative":"당신은 평범한 일상에 예술적 감성을 더해 특별한 순간으로 만듭니다.","nextQuestionNumber":98},{"text":"음악 덕분에 내 감정이 더 풍부해지는 것 같다.","nextNarrative":"당신은 외부 자극을 통해 내면의 감정을 풍부하게 만드는 사람입니다.","nextQuestionNumber":99},{"text":"정원이 마치 나만을 위한 특별한 영화 속 한 장면 같다.","nextNarrative":"당신은 현실을 로맨틱한 상상으로 채색할 줄 아는 낭만주의자입니다.","nextQuestionNumber":100}]}');
INSERT INTO TB_SIMULATION_QUESTIONS (question_id, scenario_id, question_number, question_text, choice_options) VALUES (58, 3, 35, '정원 전체에 물을 주고 나니, 땀방울이 맺힙니다. 하지만 마음은 뿌듯합니다. 이 뿌듯함은 어디서 오는 걸까요?', '{"options":[{"text":"모든 생명을 공평하게 돌봤다는 만족감.","nextNarrative":"당신은 공정함과 평등에서 오는 올바른 만족감을 느낍니다.","nextQuestionNumber":101},{"text":"해야 할 일을 완벽하게 끝냈다는 성취감.","nextNarrative":"당신은 맡은 바를 끝까지 해냈을 때 가장 큰 성취감을 느낍니다.","nextQuestionNumber":46},{"text":"나의 보살핌으로 정원이 살아나는 것을 본 기쁨.","nextNarrative":"당신은 누군가를 돌보고 성장시키는 것에서 순수한 기쁨을 얻습니다.","nextQuestionNumber":102}]}');
INSERT INTO TB_SIMULATION_QUESTIONS (question_id, scenario_id, question_number, question_text, choice_options) VALUES (59, 3, 36, '잠시 쉬어가기로 합니다. 정원 한쪽에 있는 그네에 앉아 가볍게 몸을 흔듭니다. 어떤 생각이 드나요?', '{"options":[{"text":"''모든 일을 한 번에 다 할 필요는 없어.''","nextNarrative":"당신은 자신에게 너그러워질 줄 아는 따뜻한 마음을 가졌습니다.","nextQuestionNumber":103},{"text":"''효율적인 휴식도 중요하지.''","nextNarrative":"당신은 휴식마저도 전략적으로 활용할 줄 아는 현명한 사람입니다.","nextQuestionNumber":104},{"text":"아무 생각 없이, 그저 바람을 느낀다.","nextNarrative":"당신은 생각을 비워내고 현재의 감각에 집중하며 진정한 쉼을 얻습니다.","nextQuestionNumber":65}]}');
INSERT INTO TB_SIMULATION_QUESTIONS (question_id, scenario_id, question_number, question_text, choice_options) VALUES (60, 3, 37, '다시 살아난 식물은 당신의 손길에 고마워하는 듯합니다. 이 교감의 순간, 당신은 무엇을 느끼나요?', '{"options":[{"text":"나의 작은 행동이 누군가에겐 큰 힘이 될 수 있구나.","nextNarrative":"당신은 자신의 선한 영향력을 깨닫고 만족감을 느낍니다.","nextQuestionNumber":41},{"text":"보살핌을 주고받는 따뜻한 연결감.","nextNarrative":"당신은 타인과 정서적 유대를 맺는 것에서 행복을 느낍니다.","nextQuestionNumber":105},{"text":"생명의 소중함과 경이로움.","nextNarrative":"당신은 생명 그 자체에 대한 경외심을 느낍니다.","nextQuestionNumber":106}]}');
INSERT INTO TB_SIMULATION_QUESTIONS (question_id, scenario_id, question_number, question_text, choice_options) VALUES (61, 3, 38, '산책하며 정원을 둘러보니, 이 공간을 더 멋지게 만들고 싶은 아이디어들이 샘솟습니다.', '{"options":[{"text":"작은 연못을 만들어볼까?","nextNarrative":"당신은 현재에 안주하지 않고 더 나은 미래를 꿈꾸는 비전을 가졌습니다.","nextQuestionNumber":107},{"text":"친구들을 초대해 작은 파티를 열어볼까?","nextNarrative":"당신은 좋은 것을 다른 사람들과 함께 나눌 때 기쁨이 배가된다고 믿습니다.","nextQuestionNumber":108},{"text":"계절마다 다른 꽃을 심어보는 건 어떨까?","nextNarrative":"당신은 일회성 계획이 아닌, 장기적인 관점에서 생각합니다.","nextQuestionNumber":109}]}');
INSERT INTO TB_SIMULATION_QUESTIONS (question_id, scenario_id, question_number, question_text, choice_options) VALUES (62, 3, 39, '꽃 한 송이를 꺾어 향기를 맡아봅니다. 이 향기는 당신에게 어떤 의미로 다가오나요?', '{"options":[{"text":"수고한 나를 위한 ''작은 보상''.","nextNarrative":"당신은 스스로의 노력을 인정하고 보상할 줄 압니다.","nextQuestionNumber":76},{"text":"정원의 아름다움을 대표하는 ''상징''.","nextNarrative":"당신은 하나의 사물에서 전체를 아우르는 상징적인 의미를 발견합니다.","nextQuestionNumber":110},{"text":"지나간 순간을 떠올리게 하는 ''추억의 향기''.","nextNarrative":"당신은 향기를 통해 과거의 소중한 순간을 추억합니다.","nextQuestionNumber":44}]}');
INSERT INTO TB_SIMULATION_QUESTIONS (question_id, scenario_id, question_number, question_text, choice_options) VALUES (63, 3, 40, '가장 먼저 손길이 필요한 곳은, 덩굴이 어지럽게 엉킨 담장입니다. 어떻게 정리하고 싶으신가요?', '{"options":[{"text":"과감하게 엉킨 부분을 잘라내고 새로 시작한다.","nextNarrative":"당신은 복잡한 문제를 과감히 정리하고 새롭게 시작하는 것을 두려워하지 않습니다.","nextQuestionNumber":111},{"text":"시간이 걸리더라도 한 올 한 올 조심스럽게 풀어준다.","nextNarrative":"당신은 복잡하게 얽힌 문제도 인내심을 갖고 섬세하게 해결해나갑니다.","nextQuestionNumber":112},{"text":"엉킨 모습 그대로도 자연스럽고 멋지다고 생각한다.","nextNarrative":"당신은 정형화된 틀에서 벗어나, 불완전함 속에서도 아름다움을 발견합니다.","nextQuestionNumber":69}]}');

-- =============================================
-- 5단계 질문들 (모든 분기의 최종 목적지) - 여기는 trait와 resultPersonalityType을 유지
-- =============================================
INSERT INTO TB_SIMULATION_QUESTIONS (question_id, scenario_id, question_number, question_text, choice_options)
VALUES
    (64, 3, 41, '자신의 작은 행동이 큰 변화를 가져온 것을 보았습니다. 이 경험은 당신에게 어떤 믿음을 주었나요?', '{"options":[
    {"text":"내 안에는 생각보다 큰 힘이 있다는 믿음.","trait":"SELF_POTENTIAL","nextNarrative":null,"nextQuestionNumber":null,"resultPersonalityType":"SELF_POTENTIAL"},
    {"text":"세상은 작은 관심으로 더 나아질 수 있다는 믿음.","trait":"POSITIVE_CHANGE","nextNarrative":null,"nextQuestionNumber":null,"resultPersonalityType":"POSITIVE_CHANGE"},
    {"text":"보이지 않는 곳에서의 꾸준한 노력이 중요하다는 믿음.","trait":"UNSEEN_EFFORT","nextNarrative":null,"nextQuestionNumber":null,"resultPersonalityType":"UNSEEN_EFFORT"}
]}');
INSERT INTO TB_SIMULATION_QUESTIONS (question_id, scenario_id, question_number, question_text, choice_options)
VALUES
    (65, 3, 42, '기대감으로 가득 찬 정원을 바라봅니다. 앞으로 당신의 삶에도 어떤 다채로운 일들이 펼쳐질까요?', '{"options":[
    {"text":"예상치 못한 즐거운 이벤트들.","trait":"SURPRISE","nextNarrative":null,"nextQuestionNumber":null,"resultPersonalityType":"SURPRISE"},
    {"text":"새롭게 만날 좋은 인연들.","trait":"RELATIONSHIP","nextNarrative":null,"nextQuestionNumber":null,"resultPersonalityType":"RELATIONSHIP"},
    {"text":"스스로 이뤄나갈 크고 작은 성취들.","trait":"SELF_REALIZATION","nextNarrative":null,"nextQuestionNumber":null,"resultPersonalityType":"SELF_REALIZATION"}
]}');
INSERT INTO TB_SIMULATION_QUESTIONS (question_id, scenario_id, question_number, question_text, choice_options)
VALUES
    (66, 3, 43, '하나의 성공에 만족하지 않고 더 큰 그림을 그리는 당신, 이 정원을 어떻게 만들고 싶으신가요?', '{"options":[
    {"text":"사계절 내내 꽃이 지지 않는 풍성한 정원.","trait":"ABUNDANCE","nextNarrative":null,"nextQuestionNumber":null,"resultPersonalityType":"ABUNDANCE"},
    {"text":"다양한 동식물이 함께 어우러져 사는 작은 생태계.","trait":"ECOSYSTEM","nextNarrative":null,"nextQuestionNumber":null,"resultPersonalityType":"ECOSYSTEM"},
    {"text":"사람들을 초대해 함께 즐길 수 있는 커뮤니티 정원.","trait":"COMMUNITY","nextNarrative":null,"nextQuestionNumber":null,"resultPersonalityType":"COMMUNITY"}
]}');
INSERT INTO TB_SIMULATION_QUESTIONS (question_id, scenario_id, question_number, question_text, choice_options)
VALUES
    (67, 3, 44, '안식처와도 같은 정원, 당신은 이곳에서 어떤 활동을 하며 시간을 보내고 싶으신가요?', '{"options":[
    {"text":"편안한 의자에 앉아 조용히 책을 읽는다.","trait":"INTROSPECTION","nextNarrative":null,"nextQuestionNumber":null,"resultPersonalityType":"INTROSPECTION"},
    {"text":"가까운 친구를 초대해 함께 정원을 즐긴다.","trait":"CONNECTION","nextNarrative":null,"nextQuestionNumber":null,"resultPersonalityType":"CONNECTION"},
    {"text":"아무것도 하지 않고, 그저 멍하니 있는다.","trait":"RELAXATION","nextNarrative":null,"nextQuestionNumber":null,"resultPersonalityType":"RELAXATION"}
]}');
INSERT INTO TB_SIMULATION_QUESTIONS (question_id, scenario_id, question_number, question_text, choice_options)
VALUES
    (68, 3, 45, '질서정연한 정원을 보니, 복잡했던 마음도 차분하게 정돈되는 기분입니다. 무엇이 가장 명확해졌나요?', '{"options":[
    {"text":"내가 앞으로 나아가야 할 방향.","trait":"DIRECTION","nextNarrative":null,"nextQuestionNumber":null,"resultPersonalityType":"DIRECTION"},
    {"text":"요즘 나를 힘들게 했던 고민의 원인.","trait":"PROBLEM_SOLVING","nextNarrative":null,"nextQuestionNumber":null,"resultPersonalityType":"PROBLEM_SOLVING"},
    {"text":"내가 진정으로 중요하게 생각하는 가치.","trait":"VALUE","nextNarrative":null,"nextQuestionNumber":null,"resultPersonalityType":"VALUE"}
]}');
INSERT INTO TB_SIMULATION_QUESTIONS (question_id, scenario_id, question_number, question_text, choice_options)
VALUES
    (69, 3, 46, '자랑스러운 결과물을 바라보는 당신의 마음은 뿌듯함으로 가득합니다. 이 성취의 기쁨을 어떻게 표현하고 싶으신가요?', '{"options":[
    {"text":"스스로에게 ''수고했어''라고 다독여준다.","trait":"SELF_ENCOURAGEMENT","nextNarrative":null,"nextQuestionNumber":null,"resultPersonalityType":"SELF_ENCOURAGEMENT"},
    {"text":"가장 가까운 사람에게 이 결과물을 자랑한다.","trait":"SHARING_JOY","nextNarrative":null,"nextQuestionNumber":null,"resultPersonalityType":"SHARING_JOY"},
    {"text":"이 성취를 발판 삼아 다음 목표를 세운다.","trait":"AMBITION","nextNarrative":null,"nextQuestionNumber":null,"resultPersonalityType":"AMBITION"}
]}');
INSERT INTO TB_SIMULATION_QUESTIONS (question_id, scenario_id, question_number, question_text, choice_options)
VALUES
    (70, 3, 47, '작은 조약돌 장식으로 정원이 한결 특별해졌습니다. 당신에게 이 정원은 어떤 공간이 되었나요?', '{"options":[
    {"text":"나의 세심한 손길이 닿은 ''나만의 공간''.","trait":"PERSONALIZATION","nextNarrative":null,"nextQuestionNumber":null,"resultPersonalityType":"PERSONALIZATION"},
    {"text":"일상의 소소한 즐거움을 발견하는 ''놀이터''.","trait":"PLAYFULNESS","nextNarrative":null,"nextQuestionNumber":null,"resultPersonalityType":"PLAYFULNESS"},
    {"text":"아름다움을 직접 만들 수 있다는 것을 깨닫게 한 ''교실''.","trait":"LEARNING","nextNarrative":null,"nextQuestionNumber":null,"resultPersonalityType":"LEARNING"}
]}');
INSERT INTO TB_SIMULATION_QUESTIONS (question_id, scenario_id, question_number, question_text, choice_options)
VALUES
    (71, 3, 48, '나만의 감각으로 꾸민 정원에서, 당신은 온전한 자신을 느낍니다. 이 느낌을 한 단어로 표현한다면?', '{"options":[
    {"text":"자유.","trait":"FREEDOM","nextNarrative":null,"nextQuestionNumber":null,"resultPersonalityType":"FREEDOM"},
    {"text":"충만.","trait":"FULFILLMENT","nextNarrative":null,"nextQuestionNumber":null,"resultPersonalityType":"FULFILLMENT"},
    {"text":"조화.","trait":"HARMONY","nextNarrative":null,"nextQuestionNumber":null,"resultPersonalityType":"HARMONY"}
]}');
INSERT INTO TB_SIMULATION_QUESTIONS (question_id, scenario_id, question_number, question_text, choice_options)
VALUES
    (72, 3, 49, '마음의 평화를 주는 정돈된 풍경 속, 당신은 무엇을 내려놓고 싶으신가요?', '{"options":[
    {"text":"나를 얽매던 과거의 후회.","trait":"LETTING_GO_PAST","nextNarrative":null,"nextQuestionNumber":null,"resultPersonalityType":"LETTING_GO_PAST"},
    {"text":"불확실한 미래에 대한 불안.","trait":"LETTING_GO_FUTURE","nextNarrative":null,"nextQuestionNumber":null,"resultPersonalityType":"LETTING_GO_FUTURE"},
    {"text":"타인의 시선을 의식하던 습관.","trait":"LETTING_GO_OTHERS","nextNarrative":null,"nextQuestionNumber":null,"resultPersonalityType":"LETTING_GO_OTHERS"}
]}');
INSERT INTO TB_SIMULATION_QUESTIONS (question_id, scenario_id, question_number, question_text, choice_options)
VALUES
    (73, 3, 50, '잔잔한 클래식 음악이 흐르는 정원은 더없이 평화롭습니다. 당신의 마음 상태를 가장 잘 표현한 것은?', '{"options":[
    {"text":"고요한 호수처럼, 잔잔하고 평온하다.","trait":"TRANQUILITY","nextNarrative":null,"nextQuestionNumber":null,"resultPersonalityType":"TRANQUILITY"},
    {"text":"오래된 서재처럼, 깊고 사색적이다.","trait":"CONTEMPLATIVE","nextNarrative":null,"nextQuestionNumber":null,"resultPersonalityType":"CONTEMPLATIVE"},
    {"text":"포근한 솜이불처럼, 아늑하고 안전하다.","trait":"SECURITY","nextNarrative":null,"nextQuestionNumber":null,"resultPersonalityType":"SECURITY"}
]}');
INSERT INTO TB_SIMULATION_QUESTIONS (question_id, scenario_id, question_number, question_text, choice_options)
VALUES
    (74, 3, 51, '경쾌한 재즈 음악에 어깨가 들썩입니다. 이 즐거운 에너지로 무엇을 하고 싶으신가요?', '{"options":[
    {"text":"정원에서 나만의 춤을 춘다.","trait":"SPONTANEITY","nextNarrative":null,"nextQuestionNumber":null,"resultPersonalityType":"SPONTANEITY"},
    {"text":"오랜만에 친구에게 전화를 걸어 안부를 묻는다.","trait":"COMMUNICATION","nextNarrative":null,"nextQuestionNumber":null,"resultPersonalityType":"COMMUNICATION"},
    {"text":"기분 좋은 상태로 밀린 집안일을 해치운다.","trait":"POSITIVE_ACTION","nextNarrative":null,"nextQuestionNumber":null,"resultPersonalityType":"POSITIVE_ACTION"}
]}');
INSERT INTO TB_SIMULATION_QUESTIONS (question_id, scenario_id, question_number, question_text, choice_options)
VALUES
    (75, 3, 52, '음악 없이, 바람 소리, 새소리, 나뭇잎 스치는 소리만이 가득합니다. 자연의 소리가 당신에게 무엇을 말해주나요?', '{"options":[
    {"text":"''서두르지 않아도 괜찮아.''","trait":"SLOW_LIVING","nextNarrative":null,"nextQuestionNumber":null,"resultPersonalityType":"SLOW_LIVING"},
    {"text":"''너는 혼자가 아니야.''","trait":"SOLIDARITY","nextNarrative":null,"nextQuestionNumber":null,"resultPersonalityType":"SOLIDARITY"},
    {"text":"''가만히 귀 기울이면 많은 것이 들려.''","trait":"ATTENTIVENESS","nextNarrative":null,"nextQuestionNumber":null,"resultPersonalityType":"ATTENTIVENESS"}
]}');
INSERT INTO TB_SIMULATION_QUESTIONS (question_id, scenario_id, question_number, question_text, choice_options)
VALUES
    (76, 3, 53, '연못 속 작은 물고기들은 자유롭게 헤엄칩니다. 이 모습을 보며 당신은 어떤 자유를 갈망하게 되나요?', '{"options":[
    {"text":"경제적 걱정으로부터의 자유.","trait":"FINANCIAL_FREEDOM","nextNarrative":null,"nextQuestionNumber":null,"resultPersonalityType":"FINANCIAL_FREEDOM"},
    {"text":"타인의 기대와 책임감으로부터의 자유.","trait":"SOCIAL_FREEDOM","nextNarrative":null,"nextQuestionNumber":null,"resultPersonalityType":"SOCIAL_FREEDOM"},
    {"text":"스스로를 옭아매는 부정적인 생각으로부터의 자유.","trait":"MENTAL_FREEDOM","nextNarrative":null,"nextQuestionNumber":null,"resultPersonalityType":"MENTAL_FREEDOM"}
]}');
INSERT INTO TB_SIMULATION_QUESTIONS (question_id, scenario_id, question_number, question_text, choice_options)
VALUES
    (77, 3, 54, '하늘을 비추는 고요한 연못을 바라보고 있습니다. 수면에 비친 자신의 모습이 보입니다. 어떤 표정을 하고 있나요?', '{"options":[
    {"text":"만족스럽고 평온한 미소를 띤 얼굴.","trait":"CONTENTMENT","nextNarrative":null,"nextQuestionNumber":null,"resultPersonalityType":"CONTENTMENT"},
    {"text":"무언가를 골똘히 생각하는 진지한 얼굴.","trait":"DEEP_THOUGHT","nextNarrative":null,"nextQuestionNumber":null,"resultPersonalityType":"DEEP_THOUGHT"},
    {"text":"아무 표정 없는, 텅 빈 듯한 얼굴.","trait":"EMPTINESS","nextNarrative":null,"nextQuestionNumber":null,"resultPersonalityType":"EMPTINESS"}
]}');
INSERT INTO TB_SIMULATION_QUESTIONS (question_id, scenario_id, question_number, question_text, choice_options)
VALUES
    (78, 3, 55, '수련 한 송이가 흙탕물 속에서도 맑고 깨끗하게 피어 있습니다. 이 모습에서 어떤 위로를 얻나요?', '{"options":[
    {"text":"어려운 환경 속에서도 고결함을 지킬 수 있다는 희망.","trait":"INTEGRITY","nextNarrative":null,"nextQuestionNumber":null,"resultPersonalityType":"INTEGRITY"},
    {"text":"아름다움은 종종 고난 속에서 피어난다는 진리.","trait":"RESILIENCE","nextNarrative":null,"nextQuestionNumber":null,"resultPersonalityType":"RESILIENCE"},
    {"text":"주변 환경에 물들지 않는 단단한 내면의 힘.","trait":"SELF_RELIANCE","nextNarrative":null,"nextQuestionNumber":null,"resultPersonalityType":"SELF_RELIANCE"}
]}');
INSERT INTO TB_SIMULATION_QUESTIONS (question_id, scenario_id, question_number, question_text, choice_options)
VALUES
    (79, 3, 56, '한 장의 사진 속에 담긴 행복을 보며, 당신은 어떤 힘을 얻나요?', '{"options":[
    {"text":"힘들 때마다 꺼내볼 수 있는 ''추억의 힘''.","trait":"POWER_OF_MEMORY","nextNarrative":null,"nextQuestionNumber":null},{"text":"순간을 소중히 여겨야 한다는 ''교훈''.","trait":"CARPE_DIEM","nextNarrative":null,"nextQuestionNumber":null},{"text":"나도 행복을 만들 수 있다는 ''자신감''.","trait":"SELF_EFFICACY","nextNarrative":null,"nextQuestionNumber":null}]}');
INSERT INTO TB_SIMULATION_QUESTIONS (question_id, scenario_id, question_number, question_text, choice_options)
VALUES
    (80, 3, 57, '나만의 작품을 보며, 당신의 창의성은 어떤 방식으로 발현될 때 가장 큰 기쁨을 느끼나요?', '{"options":[{"text":"세상에 없던 새로운 것을 만들 때.","trait":"INNOVATION","nextNarrative":null,"nextQuestionNumber":null},{"text":"기존의 것을 내 스타일로 재해석할 때.","trait":"REINTERPRETATION","nextNarrative":null,"nextQuestionNumber":null},{"text":"나의 생각과 감정을 온전히 표현할 때.","trait":"ARTISTIC_EXPRESSION","nextNarrative":null,"nextQuestionNumber":null}]}');
INSERT INTO TB_SIMULATION_QUESTIONS (question_id, scenario_id, question_number, question_text, choice_options)
VALUES
    (81, 3, 58, '영원히 간직하고 싶은 순간이 생겼습니다. 당신에게 ''영원''이란 어떤 의미인가요?', '{"options":[{"text":"가슴속에 변치 않고 남아있는 마음.","trait":"IMPRINT","nextNarrative":null,"nextQuestionNumber":null},{"text":"다시 오지 않을 순간에 대한 아쉬움.","trait":"MELANCHOLY","nextNarrative":null,"nextQuestionNumber":null},{"text":"다음에도 이런 순간을 만들 거라는 다짐.","trait":"PROMISE","nextNarrative":null,"nextQuestionNumber":null}]}');
INSERT INTO TB_SIMULATION_QUESTIONS (question_id, scenario_id, question_number, question_text, choice_options)
VALUES
    (82, 3, 59, '온몸으로 퍼지는 라벤더 향기 속에서, 당신은 어떤 감각이 가장 예민해지는 것을 느끼나요?', '{"options":[{"text":"마음속의 소리를 듣는 ''청각''.","trait":"INNER_VOICE","nextNarrative":null,"nextQuestionNumber":null},{"text":"몸의 긴장이 풀리는 ''촉각''.","trait":"RELAXED_BODY","nextNarrative":null,"nextQuestionNumber":null},{"text":"평온한 감정을 느끼는 ''마음''.","trait":"PEACEFUL_MIND","nextNarrative":null,"nextQuestionNumber":null}]}');
INSERT INTO TB_SIMULATION_QUESTIONS (question_id, scenario_id, question_number, question_text, choice_options)
VALUES
    (83, 3, 60, '따뜻한 라벤더 차가 몸속으로 퍼집니다. 이 온기는 당신의 마음 어디에 가장 먼저 닿았나요?', '{"options":[{"text":"걱정으로 차가웠던 ''이성''.","trait":"RATIONAL_HEALING","nextNarrative":null,"nextQuestionNumber":null},{"text":"긴장으로 굳어있던 ''감정''.","trait":"EMOTIONAL_HEALING","nextNarrative":null,"nextQuestionNumber":null},{"text":"지쳐있던 ''몸과 영혼''.","trait":"PHYSICAL_HEALING","nextNarrative":null,"nextQuestionNumber":null}]}');
INSERT INTO TB_SIMULATION_QUESTIONS (question_id, scenario_id, question_number, question_text, choice_options)
VALUES
    (84, 3, 61, '좋은 것을 나누고 싶은 당신의 마음은 어떤 색깔인가요?', '{"options":[{"text":"따뜻한 햇살 같은 ''노란색''.","trait":"GENEROSITY","nextNarrative":null,"nextQuestionNumber":null},{"text":"고요한 숲 같은 ''초록색''.","trait":"CONSIDERATE","nextNarrative":null,"nextQuestionNumber":null},{"text":"포근한 구름 같은 ''흰색''.","trait":"PURE_HEART","nextNarrative":null,"nextQuestionNumber":null}]}');
INSERT INTO TB_SIMULATION_QUESTIONS (question_id, scenario_id, question_number, question_text, choice_options)
VALUES
    (85, 3, 62, '창고를 정리하고 나니 정원뿐만 아니라 마음까지 깨끗해진 기분입니다. 무엇을 비워냈을 때 가장 후련한가요?', '{"options":[{"text":"더 이상 쓰지 않는 ''물건''.","trait":"MINIMALISM","nextNarrative":null,"nextQuestionNumber":null},{"text":"나를 괴롭히던 ''부정적인 생각''.","trait":"MENTAL_CLARITY","nextNarrative":null,"nextQuestionNumber":null},{"text":"정리해야 한다는 ''마음의 짐''.","trait":"RELIEF","nextNarrative":null,"nextQuestionNumber":null}]}');
INSERT INTO TB_SIMULATION_QUESTIONS (question_id, scenario_id, question_number, question_text, choice_options)
VALUES
    (86, 3, 63, '상쾌한 기분으로 하는 산책길, 당신의 발걸음은 어디로 향하고 있나요?', '{"options":[{"text":"가보지 않았던 새로운 길.","trait":"NEW_CHALLENGE","nextNarrative":null,"nextQuestionNumber":null},{"text":"언제나 편안함을 주는 익숙한 길.","trait":"FAMILIAR_PATH","nextNarrative":null,"nextQuestionNumber":null},{"text":"목적지 없이, 발길 닿는 대로.","trait":"GO_WITH_THE_FLOW","nextNarrative":null,"nextQuestionNumber":null}]}');
INSERT INTO TB_SIMULATION_QUESTIONS (question_id, scenario_id, question_number, question_text, choice_options)
VALUES
    (87, 3, 64, '창의적인 영감이 떠오른 당신, 이 아이디어를 어떻게 실현하고 싶으신가요?', '{"options":[{"text":"즉시 종이에 적거나 스케치한다.","trait":"EXECUTION","nextNarrative":null,"nextQuestionNumber":null},{"text":"다른 사람과 이야기하며 발전시킨다.","trait":"COLLABORATION","nextNarrative":null,"nextQuestionNumber":null},{"text":"충분히 숙성될 때까지 마음속에 간직한다.","trait":"INCUBATION","nextNarrative":null,"nextQuestionNumber":null}]}');
INSERT INTO TB_SIMULATION_QUESTIONS (question_id, scenario_id, question_number, question_text, choice_options)
VALUES
    (88, 3, 65, '복잡한 생각을 비워낸 당신의 마음은 어떤 상태에 가장 가까운가요?', '{"options":[{"text":"맑게 갠 하늘.","trait":"SERENE_MIND","nextNarrative":null,"nextQuestionNumber":null},{"text":"깨끗하게 정리된 방.","trait":"ORGANIZED_MIND","nextNarrative":null,"nextQuestionNumber":null},{"text":"아무것도 쓰이지 않은 새하얀 도화지.","trait":"BLANK_CANVAS","nextNarrative":null,"nextQuestionNumber":null}]}');
INSERT INTO TB_SIMULATION_QUESTIONS (question_id, scenario_id, question_number, question_text, choice_options)
VALUES
    (89, 3, 66, '중요한 것에만 집중하기로 한 당신, 지금 당신에게 가장 소중한 것은 무엇인가요?', '{"options":[{"text":"나 자신의 성장.","trait":"SELF_DEVELOPMENT","nextNarrative":null,"nextQuestionNumber":null},{"text":"사랑하는 사람들과의 관계.","trait":"RELATIONSHIPS","nextNarrative":null,"nextQuestionNumber":null},{"text":"마음의 평화와 안정.","trait":"INNER_PEACE","nextNarrative":null,"nextQuestionNumber":null}]}');
INSERT INTO TB_SIMULATION_QUESTIONS (question_id, scenario_id, question_number, question_text, choice_options)
VALUES
    (90, 3, 67, '꾸미지 않은 자연스러움을 선택한 당신, 어떤 모습의 자신을 가장 사랑하나요?', '{"options":[{"text":"실수하더라도 솔직한 모습.","trait":"HONESTY","nextNarrative":null,"nextQuestionNumber":null},{"text":"조용히 자신의 일을 해내는 모습.","trait":"SINCERITY","nextNarrative":null,"nextQuestionNumber":null},{"text":"아이처럼 천진하게 웃는 모습.","trait":"INNOCENCE","nextNarrative":null,"nextQuestionNumber":null}]}');
INSERT INTO TB_SIMULATION_QUESTIONS (question_id, scenario_id, question_number, question_text, choice_options)
VALUES
    (91, 3, 68, '과거의 경험이 현재의 나를 만들었음을 깨닫습니다. 당신의 과거는 어떤 색이었나요?', '{"options":[{"text":"수많은 시행착오로 얼룩진 ''회색''.","trait":"GRAY_PAST","nextNarrative":null,"nextQuestionNumber":null},{"text":"열정으로 타오르던 ''붉은색''.","trait":"PASSIONATE_PAST","nextNarrative":null,"nextQuestionNumber":null},{"text":"아직 무엇으로 채울지 몰랐던 ''투명색''.","trait":"TRANSPARENT_PAST","nextNarrative":null,"nextQuestionNumber":null}]}');
INSERT INTO TB_SIMULATION_QUESTIONS (question_id, scenario_id, question_number, question_text, choice_options)
VALUES
    (92, 3, 69, '변화의 흐름을 받아들인 당신, 앞으로 어떤 변화를 가장 기대하시나요?', '{"options":[{"text":"더욱 단단해질 내면의 변화.","trait":"INNER_GROWTH","nextNarrative":null,"nextQuestionNumber":null},{"text":"더 넓은 세상으로 나아가는 환경의 변화.","trait":"EXTERNAL_CHANGE","nextNarrative":null,"nextQuestionNumber":null},{"text":"사랑하는 사람들과의 관계의 변화.","trait":"RELATIONAL_CHANGE","nextNarrative":null,"nextQuestionNumber":null}]}');
INSERT INTO TB_SIMULATION_QUESTIONS (question_id, scenario_id, question_number, question_text, choice_options)
VALUES
    (93, 3, 70, '소중한 것을 지키기 위해 울타리를 쳤습니다. 당신의 울타리는 무엇으로 만들어졌나요?', '{"options":[{"text":"어떤 상황에서도 나를 지지해주는 ''믿음''.","trait":"FAITH","nextNarrative":null,"nextQuestionNumber":null},{"text":"현실적인 문제들을 해결해주는 ''능력''.","trait":"CAPABILITY","nextNarrative":null,"nextQuestionNumber":null},{"text":"다른 사람들이 함부로 넘보지 못하게 하는 ''원칙''.","trait":"PRINCIPLE","nextNarrative":null,"nextQuestionNumber":null}]}');
INSERT INTO TB_SIMULATION_QUESTIONS (question_id, scenario_id, question_number, question_text, choice_options)
VALUES
    (94, 3, 71, '목표를 위해 주변을 정리하는 당신, 이 과정에서 무엇을 가장 경계해야 할까요?', '{"options":[{"text":"목표에만 몰두하여 주변을 보지 못하는 것.","trait":"TUNNEL_VISION","nextNarrative":null,"nextQuestionNumber":null},{"text":"나의 기준을 타인에게 강요하는 것.","trait":"IMPOSITION","nextNarrative":null,"nextQuestionNumber":null},{"text":"정리하는 과정에서 소중한 것을 함께 버리는 것.","trait":"CARELESSNESS","nextNarrative":null,"nextQuestionNumber":null}]}');
INSERT INTO TB_SIMULATION_QUESTIONS (question_id, scenario_id, question_number, question_text, choice_options)
VALUES
    (95, 3, 72, '함께 성장하는 기쁨을 느낀 당신, 누구와 함께 이 정원을 거닐고 싶으신가요?', '{"options":[{"text":"나를 가장 잘 이해해주는 오랜 친구.","trait":"OLD_FRIEND","nextNarrative":null,"nextQuestionNumber":null},{"text":"앞으로 함께 성장하고 싶은 파트너.","trait":"PARTNER","nextNarrative":null,"nextQuestionNumber":null},{"text":"아무도 없이, 오직 나 자신과 함께.","trait":"SOLITUDE","nextNarrative":null,"nextQuestionNumber":null}]}');
INSERT INTO TB_SIMULATION_QUESTIONS (question_id, scenario_id, question_number, question_text, choice_options)
VALUES
    (96, 3, 73, '문제가 되는 부분을 세심하게 돌본 당신, 이 경험을 통해 무엇을 배웠나요?', '{"options":[{"text":"문제가 작을 때 해결해야 한다는 것.","trait":"PROMPTNESS","nextNarrative":null,"nextQuestionNumber":null},{"text":"진정한 관심은 작은 변화를 알아채는 것이라는 것.","trait":"ATTENTION_TO_DETAIL","nextNarrative":null,"nextQuestionNumber":null},{"text":"때로는 덜어내는 것이 더하는 것보다 중요하다는 것.","trait":"VIA_NEGATIVA","nextNarrative":null,"nextQuestionNumber":null}]}');
INSERT INTO TB_SIMULATION_QUESTIONS (question_id, scenario_id, question_number, question_text, choice_options)
VALUES
    (97, 3, 74, '근본적인 원인을 찾아 해결한 당신, 문제 해결에 있어 가장 중요하게 생각하는 것은 무엇인가요?', '{"options":[{"text":"정확한 데이터와 논리적인 분석.","trait":"LOGIC","nextNarrative":null,"nextQuestionNumber":null},{"text":"다양한 가능성을 열어두는 유연한 사고.","trait":"FLEXIBLE_THINKING","nextNarrative":null,"nextQuestionNumber":null},{"text":"문제를 해결하려는 포기하지 않는 의지.","trait":"GRIT","nextNarrative":null,"nextQuestionNumber":null}]}');
INSERT INTO TB_SIMULATION_QUESTIONS (question_id, scenario_id, question_number, question_text, choice_options)
VALUES
    (98, 3, 75, '시간을 갖고 지켜보기로 한 당신, 그 기다림의 시간은 어떤 의미인가요?', '{"options":[{"text":"더 나은 판단을 위한 ''숙고의 시간''.","trait":"DELIBERATION","nextNarrative":null,"nextQuestionNumber":null},{"text":"대상을 믿고 맡기는 ''신뢰의 시간''.","trait":"TIME_OF_TRUST","nextNarrative":null,"nextQuestionNumber":null},{"text":"아무것도 하지 않고 그저 흘려보내는 ''쉼의 시간''.","trait":"TIME_OF_REST","nextNarrative":null,"nextQuestionNumber":null}]}');
INSERT INTO TB_SIMULATION_QUESTIONS (question_id, scenario_id, question_number, question_text, choice_options)
VALUES
    (99, 3, 76, '달콤한 보상을 맛본 당신, 자신에게 어떤 칭찬을 해주고 싶으신가요?', '{"options":[{"text":"''그동안 정말 수고 많았어.''","trait":"ACKNOWLEDGEMENT","nextNarrative":null,"nextQuestionNumber":null},{"text":"''역시 넌 할 수 있을 줄 알았어!''","trait":"AFFIRMATION","nextNarrative":null,"nextQuestionNumber":null},{"text":"''앞으로도 잘 부탁해, 나 자신!''","trait":"SELF_RELIANCE_PROMISE","nextNarrative":null,"nextQuestionNumber":null}]}');

INSERT INTO TB_SIMULATION_QUESTIONS (question_id, scenario_id, question_number, question_text, choice_options)
VALUES
    (100, 3, 78, '세상에 없던 독특한 맛의 열매를 맛본 당신, 어떤 기분이 드나요?', '{"options":[{"text":"남들과 다른 나만의 길을 찾은 듯한 뿌듯함.","trait":"INDIVIDUALITY","nextNarrative":null,"nextQuestionNumber":null},{"text":"이 새로운 맛을 세상에 알리고 싶은 설렘.","trait":"PIONEER_SPIRIT","nextNarrative":null,"nextQuestionNumber":null},{"text":"혹시 이 맛을 이해하지 못하면 어쩌지 하는 약간의 두려움.","trait":"FEAR_OF_ISOLATION","nextNarrative":null,"nextQuestionNumber":null}]}');
INSERT INTO TB_SIMULATION_QUESTIONS (question_id, scenario_id, question_number, question_text, choice_options)
VALUES
    (101, 3, 79, '아름다운 조화를 이룬 정원을 보며, 당신의 삶에서 가장 조화롭게 만들고 싶은 영역은 어디인가요?', '{"options":[{"text":"일과 삶의 균형 (Work-Life Balance).","trait":"WORK_LIFE_BALANCE","nextNarrative":null,"nextQuestionNumber":null},{"text":"이성과 감성의 조화.","trait":"LOGIC_EMOTION_BALANCE","nextNarrative":null,"nextQuestionNumber":null},{"text":"개인의 시간과 관계의 조화.","trait":"SELF_RELATIONSHIP_BALANCE","nextNarrative":null,"nextQuestionNumber":null}]}');
INSERT INTO TB_SIMULATION_QUESTIONS (question_id, scenario_id, question_number, question_text, choice_options)
VALUES
    (102, 3, 80, '자신의 노력이 만들어낸 성과에 자부심을 느낍니다. 이 자신감을 가지고 가장 먼저 하고 싶은 일은 무엇인가요?', '{"options":[{"text":"새로운 도전을 시작한다.","trait":"NEW_VENTURE","nextNarrative":null,"nextQuestionNumber":null},{"text":"나를 지지해준 사람들에게 감사함을 표현한다.","trait":"GRATITUDE","nextNarrative":null,"nextQuestionNumber":null},{"text":"스스로에게 멋진 선물을 한다.","trait":"SELF_INDULGENCE","nextNarrative":null,"nextQuestionNumber":null}]}');
INSERT INTO TB_SIMULATION_QUESTIONS (question_id, scenario_id, question_number, question_text, choice_options)
VALUES
    (103, 3, 81, '스스로를 칭찬해주는 당신, 자신을 사랑하는 가장 좋은 방법은 무엇이라고 생각하나요?', '{"options":[{"text":"있는 그대로의 나를 받아들여주는 것.","trait":"SELF_ACCEPTANCE","nextNarrative":null,"nextQuestionNumber":null},{"text":"내가 원하는 것을 솔직하게 표현하고 실현하는 것.","trait":"SELF_ACTUALIZATION","nextNarrative":null,"nextQuestionNumber":null},{"text":"힘들 때 스스로를 다그치지 않고, 따뜻하게 위로해주는 것.","trait":"SELF_SOOTHING","nextNarrative":null,"nextQuestionNumber":null}]}');
INSERT INTO TB_SIMULATION_QUESTIONS (question_id, scenario_id, question_number, question_text, choice_options)
VALUES
    (104, 3, 82, '과감한 결정을 내린 당신, 그 결정의 원동력은 무엇이었나요?', '{"options":[{"text":"더 나아질 것이라는 확실한 ''믿음''.","trait":"CONVICTION","nextNarrative":null,"nextQuestionNumber":null},{"text":"실패하더라도 괜찮다는 ''용기''.","trait":"FEARLESSNESS","nextNarrative":null,"nextQuestionNumber":null},{"text":"현재의 답답함을 벗어나고 싶은 ''열망''.","trait":"ASPIRATION","nextNarrative":null,"nextQuestionNumber":null}]}');
INSERT INTO TB_SIMULATION_QUESTIONS (question_id, scenario_id, question_number, question_text, choice_options)
VALUES
    (105, 3, 83, '대상에 대한 배려를 잊지 않는 당신의 마음은 어떤 모습인가요?', '{"options":[{"text":"상대방이 다치지 않게 감싸 안는 ''솜이불''.","trait":"GENTLE_HEART","nextNarrative":null,"nextQuestionNumber":null},{"text":"함께 비를 맞아주는 ''우산''.","trait":"COMPASSIONATE_HEART","nextNarrative":null,"nextQuestionNumber":null},{"text":"묵묵히 옆을 지켜주는 ''가로등''.","trait":"SUPPORTIVE_HEART","nextNarrative":null,"nextQuestionNumber":null}]}');
INSERT INTO TB_SIMULATION_QUESTIONS (question_id, scenario_id, question_number, question_text, choice_options)
VALUES
    (106, 3, 84, '신중하게 고민하는 당신, 결정을 내릴 때 가장 중요하게 생각하는 기준은 무엇인가요?', '{"options":[{"text":"나의 가치관과 신념에 부합하는가.","trait":"VALUE_ALIGNMENT","nextNarrative":null,"nextQuestionNumber":null},{"text":"결과적으로 관련된 모두에게 이로운가.","trait":"COMMON_GOOD","nextNarrative":null,"nextQuestionNumber":null},{"text":"최악의 경우를 감당할 수 있는가.","trait":"RISK_MANAGEMENT","nextNarrative":null,"nextQuestionNumber":null}]}');
INSERT INTO TB_SIMULATION_QUESTIONS (question_id, scenario_id, question_number, question_text, choice_options)
VALUES
    (107, 3, 85, '매일 아침의 작은 습관이 희망을 키웁니다. 당신의 삶에 활력을 주는 ''나만의 루틴''은 무엇인가요?', '{"options":[{"text":"아침에 일어나 마시는 커피 한 잔.","trait":"MORNING_RITUAL","nextNarrative":null,"nextQuestionNumber":null},{"text":"잠들기 전 읽는 몇 페이지의 책.","trait":"NIGHT_RITUAL","nextNarrative":null,"nextQuestionNumber":null},{"text":"일주일에 한 번, 나를 위한 작은 사치.","trait":"WEEKLY_RITUAL","nextNarrative":null,"nextQuestionNumber":null}]}');
INSERT INTO TB_SIMULATION_QUESTIONS (question_id, scenario_id, question_number, question_text, choice_options)
VALUES
    (108, 3, 86, '좋은 친구들과 함께할 때 희망이 커진다고 믿는 당신, 어떤 친구가 되고 싶으신가요?', '{"options":[{"text":"상대방의 좋은 소식에 진심으로 기뻐해주는 친구.","trait":"CHEERFUL_FRIEND","nextNarrative":null,"nextQuestionNumber":null},{"text":"힘들 때 말없이 옆을 지켜주는 친구.","trait":"RELIABLE_FRIEND","nextNarrative":null,"nextQuestionNumber":null},{"text":"함께 있으면 즐거운 에너지를 주는 친구.","trait":"ENERGETIC_FRIEND","nextNarrative":null,"nextQuestionNumber":null}]}');
INSERT INTO TB_SIMULATION_QUESTIONS (question_id, scenario_id, question_number, question_text, choice_options)
VALUES
    (109, 3, 87, '조용하지만 단단한 내면의 힘으로 희망을 지켜냅니다. 당신의 그 힘은 어디서 나오나요?', '{"options":[{"text":"스스로에 대한 굳건한 ''믿음''.","trait":"SELF_BELIEF","nextNarrative":null,"nextQuestionNumber":null},{"text":"수많은 경험을 통해 얻은 ''지혜''.","trait":"WISDOM","nextNarrative":null,"nextQuestionNumber":null},{"text":"지키고 싶은 소중한 사람들에 대한 ''사랑''.","trait":"LOVE","nextNarrative":null,"nextQuestionNumber":null}]}');
INSERT INTO TB_SIMULATION_QUESTIONS (question_id, scenario_id, question_number, question_text, choice_options)
VALUES
    (110, 3, 88, '인내를 필수적인 과정으로 받아들인 당신, 지금 당신이 인내하고 있는 것은 무엇을 위한 것인가요?', '{"options":[{"text":"더 높은 곳으로 도약하기 위한 ''준비''.","trait":"PREPARATION","nextNarrative":null,"nextQuestionNumber":null},{"text":"언젠가 이룰 원대한 ''꿈''.","trait":"LONG_TERM_GOAL","nextNarrative":null,"nextQuestionNumber":null},{"text":"소중한 것을 지키기 위한 ''책임''.","trait":"RESPONSIBILITY_FOR_OTHERS","nextNarrative":null,"nextQuestionNumber":null}]}');
INSERT INTO TB_SIMULATION_QUESTIONS (question_id, scenario_id, question_number, question_text, choice_options)
VALUES
    (111, 3, 89, '현재의 인내가 미래를 위한 투자라고 믿는 당신, 어떤 미래에 투자하고 있나요?', '{"options":[{"text":"더욱 성장하고 지혜로워질 ''나 자신''.","trait":"INVEST_IN_SELF","nextNarrative":null,"nextQuestionNumber":null},{"text":"사랑하는 사람들과 함께할 ''행복한 시간''.","trait":"INVEST_IN_RELATIONSHIPS","nextNarrative":null,"nextQuestionNumber":null},{"text":"경제적, 시간적으로 여유로운 ''안정된 삶''.","trait":"INVEST_IN_STABILITY","nextNarrative":null,"nextQuestionNumber":null}]}');
INSERT INTO TB_SIMULATION_QUESTIONS (question_id, scenario_id, question_number, question_text, choice_options)
VALUES
    (112, 3, 90, '자기와의 싸움에서 이겨낸 당신, 이 경험을 통해 무엇을 얻었나요?', '{"options":[{"text":"어떤 어려움도 이겨낼 수 있다는 ''자신감''.","trait":"RESILIENCE_CONFIDENCE","nextNarrative":null,"nextQuestionNumber":null},{"text":"자신을 통제할 수 있는 ''절제력''.","trait":"SELF_CONTROL","nextNarrative":null,"nextQuestionNumber":null},{"text":"한 단계 더 성장한 ''성숙함''.","trait":"MATURITY","nextNarrative":null,"nextQuestionNumber":null}]}');
INSERT INTO TB_SIMULATION_QUESTIONS (question_id, scenario_id, question_number, question_text, choice_options)
VALUES
    (113, 3, 91, '규정되지 않는 자유로움을 느낀 당신, 어떤 모습일 때 가장 '나'답다고 느끼나요?', '{"options":[{"text":"혼자 낯선 곳을 여행할 때.","trait":"SOLO_TRAVELER","nextNarrative":null,"nextQuestionNumber":null},{"text":"좋아하는 일에 완전히 몰입할 때.","trait":"IN_THE_ZONE","nextNarrative":null,"nextQuestionNumber":null},{"text":"격식 없는 친구들과 스스럼없이 어울릴 때.","trait":"WITH_CLOSE_FRIENDS","nextNarrative":null,"nextQuestionNumber":null}]}');
INSERT INTO TB_SIMULATION_QUESTIONS (question_id, scenario_id, question_number, question_text, choice_options)
VALUES
    (114, 3, 92, '상대의 잠재력을 믿고 기다려주는 당신, 그 믿음의 근원은 무엇인가요?', '{"options":[{"text":"모든 존재는 저마다의 가능성을 갖고 있다는 ''긍정적인 세계관''.","trait":"POSITIVE_WORLDVIEW","nextNarrative":null,"nextQuestionNumber":null},{"text":"나 또한 누군가의 믿음 속에서 성장했다는 ''경험''.","trait":"PERSONAL_EXPERIENCE","nextNarrative":null,"nextQuestionNumber":null},{"text":"결과보다 과정을 중요하게 생각하는 ''가치관''.","trait":"PROCESS_ORIENTED","nextNarrative":null,"nextQuestionNumber":null}]}');
INSERT INTO TB_SIMULATION_QUESTIONS (question_id, scenario_id, question_number, question_text, choice_options)
VALUES
    (115, 3, 93, '대상의 무한한 가능성을 보는 당신, 다른 사람의 어떤 모습을 볼 때 가장 기쁜가요?', '{"options":[{"text":"서툴지만, 무언가에 열심히 도전하는 모습.","trait":"PASSIONATE_ATTEMPT","nextNarrative":null,"nextQuestionNumber":null},{"text":"자신의 재능을 발견하고 즐거워하는 모습.","trait":"JOY_OF_DISCOVERY","nextNarrative":null,"nextQuestionNumber":null},{"text":"어제의 자신보다 한 뼘 더 성장한 모습.","trait":"CONTINUOUS_IMPROVEMENT","nextNarrative":null,"nextQuestionNumber":null}]}');
INSERT INTO TB_SIMULATION_QUESTIONS (question_id, scenario_id, question_number, question_text, choice_options)
VALUES
    (116, 3, 94, '자연과의 깊은 연결감을 느낀 당신, 이 느낌을 일상 속에서도 어떻게 이어가고 싶으신가요?', '{"options":[{"text":"작은 화분을 키우며 매일 교감한다.","trait":"DAILY_CONNECTION","nextNarrative":null,"nextQuestionNumber":null},{"text":"주말마다 공원이나 산을 찾는다.","trait":"WEEKLY_ESCAPE","nextNarrative":null,"nextQuestionNumber":null},{"text":"음식이나 물건을 소비할 때, 자연을 한 번 더 생각한다.","trait":"CONSCIOUS_LIVING","nextNarrative":null,"nextQuestionNumber":null}]}');
INSERT INTO TB_SIMULATION_QUESTIONS (question_id, scenario_id, question_number, question_text, choice_options)
VALUES
    (117, 3, 95, '마음이 정화되는 상쾌함을 느꼈습니다. 당신의 마음을 어지럽히는 것들은 주로 무엇인가요?', '{"options":[{"text":"지나간 일에 대한 ''후회''.","trait":"REGRET","nextNarrative":null,"nextQuestionNumber":null},{"text":"타인과의 ''비교''.","trait":"COMPARISON","nextNarrative":null,"nextQuestionNumber":null},{"text":"너무 많은 ''정보''와 ''선택지''.","trait":"OVERLOAD","nextNarrative":null,"nextQuestionNumber":null}]}');
INSERT INTO TB_SIMULATION_QUESTIONS (question_id, scenario_id, question_number, question_text, choice_options)
VALUES
    (118, 3, 96, '생동감 넘치는 움직임에서 에너지를 얻는 당신, 어떤 활동을 할 때 가장 살아있음을 느끼나요?', '{"options":[{"text":"좋아하는 음악에 맞춰 춤을 출 때.","trait":"DANCING","nextNarrative":null,"nextQuestionNumber":null},{"text":"땀 흘리며 스포츠를 즐길 때.","trait":"SPORTS","nextNarrative":null,"nextQuestionNumber":null},{"text":"열정적으로 사람들과 토론할 때.","trait":"DEBATE","nextNarrative":null,"nextQuestionNumber":null}]}');
INSERT INTO TB_SIMULATION_QUESTIONS (question_id, scenario_id, question_number, question_text, choice_options)
VALUES
    (119, 3, 97, '평범함 속에서 특별함을 발견한 당신, 일상에서 소소한 행복을 찾는 당신만의 비결은 무엇인가요?', '{"options":[{"text":"주변을 유심히 관찰하는 ''습관''.","trait":"OBSERVATION_HABIT","nextNarrative":null,"nextQuestionNumber":null},{"text":"모든 것에 감사하는 ''마음''.","trait":"GRATEFUL_MIND","nextNarrative":null,"nextQuestionNumber":null},{"text":"작은 것에도 의미를 부여하는 ''상상력''.","trait":"IMAGINATION","nextNarrative":null,"nextQuestionNumber":null}]}');
INSERT INTO TB_SIMULATION_QUESTIONS (question_id, scenario_id, question_number, question_text, choice_options)
VALUES
    (120, 3, 98, '일상에 예술적 감성을 더해 특별한 순간을 만드는 당신, 다음에는 무엇을 해보고 싶으신가요?', '{"options":[{"text":"나만의 시나 소설을 써본다.","trait":"WRITING","nextNarrative":null,"nextQuestionNumber":null},{"text":"멋진 풍경을 그림으로 그려본다.","trait":"PAINTING","nextNarrative":null,"nextQuestionNumber":null},{"text":"평범한 일상을 단편 영화처럼 찍어본다.","trait":"FILMMAKING","nextNarrative":null,"nextQuestionNumber":null}]}');
INSERT INTO TB_SIMULATION_QUESTIONS (question_id, scenario_id, question_number, question_text, choice_options)
VALUES
    (121, 3, 99, '내면의 감정을 풍부하게 만드는 것을 즐기는 당신, 요즘 당신의 마음을 가장 많이 채우는 감정은 무엇인가요?', '{"options":[{"text":"새로운 것에 대한 ''설렘''.","trait":"EXCITEMENT","nextNarrative":null,"nextQuestionNumber":null},{"text":"사랑하는 사람들에 대한 ''고마움''.","trait":"THANKFULNESS","nextNarrative":null,"nextQuestionNumber":null},{"text":"미래에 대한 막연한 ''기대감''.","trait":"HOPEFULNESS","nextNarrative":null,"nextQuestionNumber":null}]}');
INSERT INTO TB_SIMULATION_QUESTIONS (question_id, scenario_id, question_number, question_text, choice_options)
VALUES
    (122, 3, 100, '현실을 낭만적인 상상으로 채색하는 당신, 당신의 삶이 한 편의 영화라면 어떤 장르일까요?', '{"options":[{"text":"따뜻한 교훈이 있는 ''성장 드라마''.","trait":"COMING_OF_AGE","nextNarrative":null,"nextQuestionNumber":null},{"text":"예상치 못한 만남이 가득한 ''로맨틱 코미디''.","trait":"ROMCOM","nextNarrative":null,"nextQuestionNumber":null},{"text":"신비로운 사건이 펼쳐지는 ''판타지 어드벤처''.","trait":"FANTASY_ADVENTURE","nextNarrative":null,"nextQuestionNumber":null}]}');
INSERT INTO TB_SIMULATION_QUESTIONS (question_id, scenario_id, question_number, question_text, choice_options)
VALUES
    (123, 3, 101, '공정함에서 만족감을 느끼는 당신, 세상이 어떤 모습이 되기를 바라나요?', '{"options":[{"text":"노력한 만큼 정당한 보상을 받는 세상.","trait":"MERITOCRACY","nextNarrative":null,"nextQuestionNumber":null},{"text":"모두에게 동등한 기회가 주어지는 세상.","trait":"EQUAL_OPPORTUNITY","nextNarrative":null,"nextQuestionNumber":null},{"text":"사회적 약자가 소외되지 않는 세상.","trait":"SOCIAL_WELFARE","nextNarrative":null,"nextQuestionNumber":null}]}');
INSERT INTO TB_SIMULATION_QUESTIONS (question_id, scenario_id, question_number, question_text, choice_options)
VALUES
    (124, 3, 102, '누군가를 돌보는 것에서 기쁨을 얻는 당신, 그 이유는 무엇일까요?', '{"options":[{"text":"나의 존재가 누군가에게 도움이 된다는 ''보람''.","trait":"SENSE_OF_WORTH","nextNarrative":null,"nextQuestionNumber":null},{"text":"대상을 통해 나 또한 함께 성장한다는 ''동반 성장''.","trait":"MUTUAL_GROWTH","nextNarrative":null,"nextQuestionNumber":null},{"text":"조건 없는 사랑을 베풀고 싶은 순수한 ''마음''.","trait":"ALTRUISM","nextNarrative":null,"nextQuestionNumber":null}]}');
INSERT INTO TB_SIMULATION_QUESTIONS (question_id, scenario_id, question_number, question_text, choice_options)
VALUES
    (125, 3, 103, '자신에게 너그러워질 줄 아는 당신, 스스로에게 어떤 말을 가장 해주고 싶으신가요?', '{"options":[{"text":"''너무 애쓰지 않아도 괜찮아.''","trait":"ITS_OKAY_NOT_TO_TRY_HARD","nextNarrative":null,"nextQuestionNumber":null},{"text":"''이미 충분히 잘하고 있어.''","trait":"YOU_ARE_DOING_ENOUGH","nextNarrative":null,"nextQuestionNumber":null},{"text":"''너의 행복이 가장 중요해.''","trait":"YOUR_HAPPINESS_FIRST","nextNarrative":null,"nextQuestionNumber":null}]}');
INSERT INTO TB_SIMULATION_QUESTIONS (question_id, scenario_id, question_number, question_text, choice_options)
VALUES
    (126, 3, 104, '휴식도 전략적으로 활용하는 당신, 최고의 휴식은 무엇이라고 생각하나요?', '{"options":[{"text":"아무것도 하지 않고 푹 자는 ''수면''.","trait":"SLEEP","nextNarrative":null,"nextQuestionNumber":null},{"text":"좋아하는 취미에 완전히 몰두하는 ''몰입''.","trait":"FLOW_STATE","nextNarrative":null,"nextQuestionNumber":null},{"text":"일상에서 벗어나 낯선 곳으로 떠나는 ''여행''.","trait":"TRAVEL","nextNarrative":null,"nextQuestionNumber":null}]}');
INSERT INTO TB_SIMULATION_QUESTIONS (question_id, scenario_id, question_number, question_text, choice_options)
VALUES
    (127, 3, 105, '타인과 정서적 유대를 맺는 것을 중요하게 생각하는 당신, 관계에서 가장 중요한 것은 무엇인가요?', '{"options":[{"text":"서로에 대한 ''신뢰''.","trait":"TRUST_IN_RELATIONSHIPS","nextNarrative":null,"nextQuestionNumber":null},{"text":"솔직한 ''소통''.","trait":"COMMUNICATION_IN_RELATIONSHIPS","nextNarrative":null,"nextQuestionNumber":null},{"text":"함께 보내는 ''시간''.","trait":"QUALITY_TIME","nextNarrative":null,"nextQuestionNumber":null}]}');
INSERT INTO TB_SIMULATION_QUESTIONS (question_id, scenario_id, question_number, question_text, choice_options)
VALUES
    (128, 3, 106, '생명의 경이로움을 느낀 당신, 어떤 순간에 삶이 가장 신비롭다고 느끼나요?', '{"options":[{"text":"밤하늘의 무수한 별을 볼 때.","trait":"AWE_OF_COSMOS","nextNarrative":null,"nextQuestionNumber":null},{"text":"갓 태어난 아기를 볼 때.","trait":"AWE_OF_BIRTH","nextNarrative":null,"nextQuestionNumber":null},{"text":"데자뷰처럼, 익숙한 순간이 낯설게 느껴질 때.","trait":"AWE_OF_DEJAVU","nextNarrative":null,"nextQuestionNumber":null}]}');
INSERT INTO TB_SIMULATION_QUESTIONS (question_id, scenario_id, question_number, question_text, choice_options)
VALUES
    (129, 3, 107, '더 나은 미래를 꿈꾸는 당신의 비전, 그 끝에는 어떤 모습의 당신이 있나요?', '{"options":[{"text":"경제적으로 풍요롭고 안정된 당신.","trait":"WEALTHY_SELF","nextNarrative":null,"nextQuestionNumber":null},{"text":"자신의 분야에서 최고로 인정받는 당신.","trait":"EXPERT_SELF","nextNarrative":null,"nextQuestionNumber":null},{"text":"사랑하는 사람들과 행복하게 웃고 있는 당신.","trait":"HAPPY_SELF","nextNarrative":null,"nextQuestionNumber":null}]}');
INSERT INTO TB_SIMULATION_QUESTIONS (question_id, scenario_id, question_number, question_text, choice_options)
VALUES
    (130, 3, 108, '좋은 것을 함께 나눌 때 기쁨이 배가된다고 믿는 당신, 어떤 파티를 열고 싶으신가요?', '{"options":[{"text":"가까운 친구들과 함께하는 소박한 홈파티.","trait":"HOME_PARTY","nextNarrative":null,"nextQuestionNumber":null},{"text":"다양한 사람들이 모여 교류하는 가든 파티.","trait":"GARDEN_PARTY","nextNarrative":null,"nextQuestionNumber":null},{"text":"각자 자신의 음식을 가져와 나누는 포틀럭 파티.","trait":"POTLUCK_PARTY","nextNarrative":null,"nextQuestionNumber":null}]}');
INSERT INTO TB_SIMULATION_QUESTIONS (question_id, scenario_id, question_number, question_text, choice_options)
VALUES
    (131, 3, 109, '장기적인 관점에서 계획을 세우는 당신, 10년 후 당신의 정원은 어떤 모습일까요?', '{"options":[{"text":"과일이 주렁주렁 열리는 유실수들로 가득한 정원.","trait":"FRUITFUL_GARDEN","nextNarrative":null,"nextQuestionNumber":null},{"text":"희귀하고 아름다운 꽃들이 가득한 비밀의 정원.","trait":"SECRET_GARDEN","nextNarrative":null,"nextQuestionNumber":null},{"text":"오랜 세월을 간직한, 커다란 나무 그늘이 있는 정원.","trait":"OLD_TREE_GARDEN","nextNarrative":null,"nextQuestionNumber":null}]}');
INSERT INTO TB_SIMULATION_QUESTIONS (question_id, scenario_id, question_number, question_text, choice_options)
VALUES
    (132, 3, 110, '하나의 상징을 통해 전체를 바라보는 당신, 지금의 당신을 하나의 사물에 비유한다면?', '{"options":[{"text":"많은 것을 담을 수 있는 ''빈 그릇''.","trait":"EMPTY_BOWL","nextNarrative":null,"nextQuestionNumber":null},{"text":"어디로 튈지 모르는 ''탱탱볼''.","trait":"BOUNCY_BALL","nextNarrative":null,"nextQuestionNumber":null},{"text":"스스로 빛을 내는 ''작은 촛불''.","trait":"CANDLELIGHT","nextNarrative":null,"nextQuestionNumber":null}]}');
INSERT INTO TB_SIMULATION_QUESTIONS (question_id, scenario_id, question_number, question_text, choice_options)
VALUES
    (133, 3, 111, '과감한 리셋을 선택한 당신, 과거의 어떤 것을 가장 먼저 정리하고 싶으신가요?', '{"options":[{"text":"더 이상 입지 않는 ''옷''.","trait":"CLUTTER","nextNarrative":null,"nextQuestionNumber":null},{"text":"나를 힘들게 했던 ''인간관계''.","trait":"TOXIC_RELATIONSHIPS","nextNarrative":null,"nextQuestionNumber":null},{"text":"오래된 ''미련''과 ''후회''.","trait":"LINGERING_FEELINGS","nextNarrative":null,"nextQuestionNumber":null}]}');
INSERT INTO TB_SIMULATION_QUESTIONS (question_id, scenario_id, question_number, question_text, choice_options)
VALUES
    (134, 3, 112, '복잡한 문제를 인내심을 갖고 해결한 당신, 이 경험을 통해 어떤 능력이 가장 성장했나요?', '{"options":[{"text":"상황을 객관적으로 보는 ''분석력''.","trait":"ANALYTICAL_SKILL","nextNarrative":null,"nextQuestionNumber":null},{"text":"포기하지 않고 끝까지 해내는 ''끈기''.","trait":"TENACITY","nextNarrative":null,"nextQuestionNumber":null},{"text":"복잡한 감정을 다스리는 ''자기 통제력''.","trait":"EMOTIONAL_REGULATION","nextNarrative":null,"nextQuestionNumber":null}]}');

INSERT INTO TB_SIMULATION_QUESTIONS (question_id, scenario_id, question_number, question_text, choice_options)
VALUES (135, 4, 1, '마음의 정원에 들어섭니다ㅎㅁㅈ숙한 꽃, 이제 막 싹을 틔운 새싹, 그리고 모든 것을 조망할 수 있는 작은 벤치가 보입니다. 가장 먼저 무엇을 하시겠습니까?',
        '{"options":[
            {"text":"익숙한 꽃에 먼저ㅎㅈㅁ 다시 생기를 찾게 한다.","nextNarrative":"당신은 ㅎㅈㅁ 것을 먼저 돌봅니다. 물을 머금은 꽃이 서서히 고개를 듭니다.","nextQuestionNumber":2},
            {"text":"작은 새싹ㅎㅁㅈ새로운 시작을 응원한다.","nextNarrative":"당신은 새로운 가ㅎㅁㅈ기대를 겁니다. 작은 새싹이 물을 흠뻑 마시고 파릇한 빛을 띕니다.","nextQuestionNumber":3},
            {"text":"벤치에 앉아 ㅎㅁㅈ를 조용히 바라본다.","nextNarrative":"당신은 행동에 앞서ㅎㅁㅈ조하고 자신의 마음을 살핍니다. 부드러운 바람이 뺨을 스칩니다.","nextQuestionNumber":4}
        ]}');

INSERT INTO TB_SIMULATION_QUESTIONS (question_id, scenario_id, question_number, question_text, choice_options)
VALUES (136, 5, 1, '마음의 정원에 ㅎㅁㅈ지만 익숙한 꽃, 이제 막 싹을 틔운 새싹, 그리고 모든 것을 조망할 수 있는 작은 벤치가 보입니다. 가장 먼저 무엇을 하시겠습니까?',
        '{"options":[
            {"text":"익숙한 ㄻ먼저 물을 주어 다시 생기를 찾게 한다.","nextNarrative":"당신은 익숙하고 소중ㅇㅈㅁ니다. 물을 머금은 꽃이 서서히 고개를 듭니다.","nextQuestionNumber":2},
            {"text":"작은 새싹에 ㄹㅈㅁ로운 시작을 응원한다.","nextNarrative":"당신은 새로운 가능성에 기대를ㅇㅈ 물을 흠뻑 마시고 파릇한 빛을 띕니다.","nextQuestionNumber":3},
            {"text":"벤치에 ㅎㅈㅁ전체를 조용히 바라본다.","nextNarrative":"당신은 행동에 앞서 먼저 상황을 ㄻㅈ의 마음을 살핍니다. 부드러운 바람이 뺨을 스칩니다.","nextQuestionNumber":4}
        ]}');

INSERT INTO TB_SIMULATION_QUESTIONS (question_id, scenario_id, question_number, question_text, choice_options)
VALUES (137, 6, 1, '마음의 정원에 들어섭니다. 시들하지만 익숙한 꽃, 이제 막 싹을 틔운 새싹, 그ㄹㅈㅁ장 먼저 무엇을 하시겠습니까?',
        '{"options":[
            {"text":"익숙한 꽃에 먼저 물을 ㅎㅁㅈㅎㅈㅁ 다시 생기를 찾게 한다.","nextNarrative":"당신은 익숙하고 소중한 것을 먼저 돌봅니다. 물을 머금은 ㄻㅈ 고개를 듭니다.","nextQuestionNumber":2},
            {"text":"작은 새싹에 물을 ㅎㅁㅈ운 시작을 응원한다.","nextNarrative":"당신은 새로운 가능성에 기대를 겁니다. 작은 새싹이 물을ㄻ릇한 빛을 띕니다.","nextQuestionNumber":3},
            {"text":"ㅁㅎㅈ 바라본다.","nextNarrative":"당신은 행동에 앞서 먼저 상황을 관조하고 자신의 마음을 살핍니다.ㄹㄹㅈㅁ람이 뺨을 스칩니다.","nextQuestionNumber":4}
        ]}');

INSERT INTO TB_SIMULATION_QUESTIONS (question_id, scenario_id, question_number, question_text, choice_options)
VALUES (138, 7, 1, 'ㅎㅁㅈㅎㅈㅁ싹을 틔운 새싹, 그리고 모든 것을 조망할 수 있는 작은 벤치가 보입니다. 가장 먼저 무엇을 하시겠습니까?',
        '{"options":[
            {"text":"ㅎㅇㅎㅇ.","nextNarrative":"ㅌㅋㅋ.","nextQuestionNumber":2},
            {"text":"ㅇㅇ","nextNarrative":"ㄻㅈㄹ.","nextQuestionNumber":3},
            {"text":"ㄻㅈㄹ","nextNarrative":"ㄻㅈㄹㅈㅁㄹ.","nextQuestionNumber":4}
        ]}');

-- 20. TB_SIMULATION_CHOICES
-- TB_SIMULATION_CHOICES 테이블 생성
CREATE TABLE TB_SIMULATION_CHOICES (
                                       CHOICE_ID       NUMBER(19)      PRIMARY KEY,                           -- 선택지의 고유 식별자
                                       SETTING_ID      NUMBER(19)      NOT NULL,                              -- TB_SIMULATION_SETTINGS 테이블의 설정 ID 참조
                                       QUESTION_NUMBER NUMBER(5)       NOT NULL,                              -- 질문 번호
                                       CHOICE_TEXT     VARCHAR2(255)   NOT NULL,                              -- 선택한 텍스트 (예: "이직을 결정한다")
                                       SELECTED_TRAIT  VARCHAR2(200),                                          -- AI 분석을 위해 사용자가 선택한 성향 특성 (NULL 허용)

    -- 외래 키 제약 조건 (SETTING_ID가 TB_SIMULATION_SETTINGS의 SETTING_ID를 참조)
    -- TB_SIMULATION_SETTINGS 테이블이 먼저 존재해야 합니다.
                                       CONSTRAINT FK_SIM_CHOICES_SETTINGS FOREIGN KEY (SETTING_ID)
                                           REFERENCES TB_SIMULATION_SETTINGS (SETTING_ID) ON DELETE CASCADE
);

-- 컬럼 코멘트 추가
COMMENT ON TABLE TB_SIMULATION_CHOICES IS '시뮬레이션 사용자 선택 기록';
COMMENT ON COLUMN TB_SIMULATION_CHOICES.CHOICE_ID IS '선택지의 고유 식별자';
COMMENT ON COLUMN TB_SIMULATION_CHOICES.SETTING_ID IS 'TB_SIMULATION_SETTINGS 테이블의 설정 ID 참조';
COMMENT ON COLUMN TB_SIMULATION_CHOICES.QUESTION_NUMBER IS '질문 번호';
COMMENT ON COLUMN TB_SIMULATION_CHOICES.CHOICE_TEXT IS '선택한 텍스트';
COMMENT ON COLUMN TB_SIMULATION_CHOICES.SELECTED_TRAIT IS '사용자가 선택한 성향 특성';


-- 21. TB_SIMULATION_RESULTS (수정된 테이블 생성 구문)
CREATE TABLE TB_SIMULATION_RESULTS (
                                       RESULT_ID NUMBER(19) PRIMARY KEY,
                                       SETTING_ID NUMBER(19) NULL, -- NOT NULL 제거하여 NULL 허용으로 변경
                                       RESULT_SUMMARY VARCHAR2(2000) NOT NULL,
                                       PERSONALITY_TYPE VARCHAR2(50) NULL,
    -- ✅ RESULT_TITLE 컬럼 추가
                                       RESULT_TITLE VARCHAR2(255),
    -- ✅ RESULT_TYPE 컬럼 추가
                                       RESULT_TYPE VARCHAR2(20),
                                       CREATED_AT DATE DEFAULT SYSDATE NOT NULL,
                                       CONSTRAINT FK_RESULT_SETTING FOREIGN KEY (SETTING_ID) REFERENCES TB_SIMULATION_SETTINGS(SETTING_ID) ON DELETE CASCADE
);

COMMENT ON TABLE TB_SIMULATION_RESULTS IS '시뮬레이션 분석 결과';
COMMENT ON COLUMN TB_SIMULATION_RESULTS.RESULT_ID IS '시뮬레이션 결과의 고유 식별자';
COMMENT ON COLUMN TB_SIMULATION_RESULTS.SETTING_ID IS 'TB_SIMULATION_SETTINGS 테이블의 설정 ID 참조 (템플릿 결과의 경우 NULL)';
COMMENT ON COLUMN TB_SIMULATION_RESULTS.RESULT_SUMMARY IS 'AI가 생성한 성격 분석 요약';
COMMENT ON COLUMN TB_SIMULATION_RESULTS.PERSONALITY_TYPE IS '성격 유형 (예: STABILITY, GROWTH, UNKNOWN 등)';
COMMENT ON COLUMN TB_SIMULATION_RESULTS.RESULT_TITLE IS '결과 제목 (예: 견고한 안정의 정원사)'; -- 코멘트 추가
COMMENT ON COLUMN TB_SIMULATION_RESULTS.RESULT_TYPE IS '결과 유형 (예: TEMPLATE, USER)'; -- 코멘트 추가
COMMENT ON COLUMN TB_SIMULATION_RESULTS.CREATED_AT IS '결과 생성 시간';

-- 마음의 정원 가꾸기 시나리오 결과 템플릿 (ID 1번부터 시작)
INSERT INTO TB_SIMULATION_RESULTS (result_id, result_type, personality_type, result_title, result_summary) VALUES
    (1, 'TEMPLATE', 'STABILITY', '견고한 안정의 정원사', '당신은 변화보다는 안정을 추구하며, 익숙하고 소중한 것들을 꾸준히 돌보는 것에서 평온함을 느낍니다. 당신의 신중함과 꾸준함은 정원을 더욱 풍성하고 안전한 공간으로 만듭니다.');
INSERT INTO TB_SIMULATION_RESULTS (result_id, result_type, personality_type, result_title, result_summary) VALUES
    (2, 'TEMPLATE', 'GROWTH', '새로운 가능성의 탐험가', '당신은 미지의 가능성에 대한 호기심과 기대로 가득 차 있습니다. 새로운 시작을 두려워하지 않으며, 성장을 통해 더 큰 세상을 만나고자 하는 열정이 당신의 정원을 다채롭게 만듭니다.');
INSERT INTO TB_SIMULATION_RESULTS (result_id, result_type, personality_type, result_title, result_summary) VALUES
    (3, 'TEMPLATE', 'MINDFULNESS', '순간을 음미하는 관찰자', '당신은 행동에 앞서 먼저 상황을 관조하고 자신의 마음을 깊이 들여다보는 통찰력을 가졌습니다. 현재의 순간에 집중하며, 작은 것에서도 큰 의미를 발견하는 당신의 태도는 정원에 평화와 깊이를 더합니다.');
INSERT INTO TB_SIMULATION_RESULTS (result_id, result_type, personality_type, result_title, result_summary) VALUES
    (4, 'TEMPLATE', 'DILIGENCE', '성실한 돌봄의 실천가', '당신은 문제의 본질을 파악하고, 시간이 걸리더라도 근본적인 해결을 위해 노력하는 성실함을 지녔습니다. 당신의 꾸준한 손길은 정원을 가장 건강하고 깨끗한 상태로 유지시켜 줍니다.');
INSERT INTO TB_SIMULATION_RESULTS (result_id, result_type, personality_type, result_title, result_summary) VALUES
    (5, 'TEMPLATE', 'SUPPORT', '따뜻한 지지의 후원자', '당신은 문제에 직접 맞서기보다, 대상의 강점을 키워 스스로 이겨내도록 돕는 지혜로운 방식을 선호합니다. 당신의 지지와 격려는 정원의 식물들이 가진 잠재력을 최대한으로 이끌어냅니다.');
INSERT INTO TB_SIMULATION_RESULTS (result_id, result_type, personality_type, result_title, result_summary) VALUES
    (6, 'TEMPLATE', 'REFINEMENT', '본질을 꿰뚫는 순수주의자', '당신은 불필요한 것을 덜어내고, 가장 중요한 본질에 집중할 때 가장 큰 가치를 발견합니다. 당신의 손길을 거친 정원은 군더더기 없이 단정하고 순수한 아름다움을 뽐냅니다.');
INSERT INTO TB_SIMULATION_RESULTS (result_id, result_type, personality_type, result_title, result_summary) VALUES
    (7, 'TEMPLATE', 'ACTION', '과감한 행동의 개척자', '당신은 불확실한 상황을 빠르게 해결하고 결과를 확인하고자 하는 강한 추진력을 가지고 있습니다. 당신의 신속하고 과감한 결정은 정원에 역동적인 변화와 빠른 성장을 가져옵니다.');
INSERT INTO TB_SIMULATION_RESULTS (result_id, result_type, personality_type, result_title, result_summary) VALUES
    (8, 'TEMPLATE', 'PATIENCE', '시간의 가치를 아는 현자', '당신은 서두르지 않고, 모든 것이 각자의 속도대로 흘러가는 자연의 섭리를 이해하고 존중합니다. 당신의 인내심은 정원의 모든 존재가 가장 자연스럽고 튼튼하게 자라도록 돕습니다.');
INSERT INTO TB_SIMULATION_RESULTS (result_id, result_type, personality_type, result_title, result_summary) VALUES
    (9, 'TEMPLATE', 'CURIOSITY', '세상을 탐구하는 예술가', '당신은 결과보다 과정 자체를 즐기며, 세상의 모든 것에 호기심을 느낍니다. 당신의 섬세한 관찰력과 기록은 평범한 순간도 특별한 이야기로 만듭니다.');
INSERT INTO TB_SIMULATION_RESULTS (result_id, result_type, personality_type, result_title, result_summary) VALUES
    (10, 'TEMPLATE', 'BALANCE', '조화로운 질서의 설계자', '당신은 어느 한쪽에 치우치지 않고, 정원 전체의 균형과 조화를 중요하게 생각합니다. 당신의 넓은 시야 덕분에 정원은 모든 요소가 서로를 존중하는 안정적인 공간이 됩니다.');
INSERT INTO TB_SIMULATION_RESULTS (result_id, result_type, personality_type, result_title, result_summary) VALUES
    (11, 'TEMPLATE', 'PRIORITY', '핵심을 파악하는 전략가', '당신은 여러 문제 앞에서 무엇이 가장 중요하고 시급한지 파악하는 능력이 뛰어납니다. 당신의 효율적인 판단은 최소한의 노력으로 최대의 효과를 이끌어냅니다.');
INSERT INTO TB_SIMULATION_RESULTS (result_id, result_type, personality_type, result_title, result_summary) VALUES
    (12, 'TEMPLATE', 'REST', '쉼의 의미를 아는 여유', '당신은 때로는 아무것도 하지 않는 것이 가장 좋은 해결책임을 압니다. 충분한 휴식을 통해 에너지를 회복하고, 더 나은 다음을 준비하는 지혜를 가졌습니다.');
INSERT INTO TB_SIMULATION_RESULTS (result_id, result_type, personality_type, result_title, result_summary) VALUES
    (13, 'TEMPLATE', 'CREATIVITY', '새로움을 창조하는 예술가', '당신은 비어있는 공간을 두려워하지 않고, 새로운 아이디어와 아름다움으로 채워나가는 창의적인 사람입니다. 당신의 손길은 정원에 끊임없이 새로운 생명력을 불어넣습니다.');
INSERT INTO TB_SIMULATION_RESULTS (result_id, result_type, personality_type, result_title, result_summary) VALUES
    (14, 'TEMPLATE', 'FOCUS', '선택과 집중의 대가', '당신은 여러 가능성 앞에서 가장 중요하다고 믿는 하나에 집중할 줄 아는 사람입니다. 당신의 집중력은 하나의 대상을 누구보다 깊고 풍성하게 만듭니다.');
INSERT INTO TB_SIMULATION_RESULTS (result_id, result_type, personality_type, result_title, result_summary) VALUES
    (15, 'TEMPLATE', 'AESTHETICS', '아름다움을 발견하는 심미안', '당신은 세상의 기능적인 면뿐만 아니라, 심미적인 가치를 중요하게 생각합니다. 당신의 감각은 일상적인 공간을 더욱 아름답고 특별한 장소로 변화시킵니다.');
INSERT INTO TB_SIMULATION_RESULTS (result_id, result_type, personality_type, result_title, result_summary) VALUES
    (16, 'TEMPLATE', 'SERENITY', '고요한 평화의 수호자', '당신은 현재의 순간이 주는 평화와 만족감을 온전히 즐길 줄 압니다. 외부의 자극보다 내면의 고요함을 소중히 여기는 당신의 태도는 주변까지 평온하게 만듭니다.');
INSERT INTO TB_SIMULATION_RESULTS (result_id, result_type, personality_type, result_title, result_summary) VALUES
    (17, 'TEMPLATE', 'EXPLORATION', '미지의 세계를 향한 탐험가', '당신은 현재의 만족에 안주하지 않고, 늘 새로운 발견과 경험을 추구합니다. 당신의 호기심은 숨겨진 가능성을 찾아내고, 삶을 더욱 풍부하게 만듭니다.');
INSERT INTO TB_SIMULATION_RESULTS (result_id, result_type, personality_type, result_title, result_summary) VALUES
    (18, 'TEMPLATE', 'MEMORY', '순간을 기록하는 역사가', '당신은 소중한 순간을 잊지 않고, 사진이나 기록으로 남겨 오래도록 간직하고 싶어 합니다. 당신의 세심한 기록 덕분에 행복한 기억은 영원히 빛날 수 있습니다.');
INSERT INTO TB_SIMULATION_RESULTS (result_id, result_type, personality_type, result_title, result_summary) VALUES
    (19, 'TEMPLATE', 'CALMNESS', '차분한 마음의 치유사', '당신은 자신과 타인에게 마음의 평온을 주는 것들을 잘 알고 있습니다. 당신의 차분한 에너지는 복잡한 마음을 부드럽게 가라앉히는 힘이 있습니다.');
INSERT INTO TB_SIMULATION_RESULTS (result_id, result_type, personality_type, result_title, result_summary) VALUES
    (20, 'TEMPLATE', 'REFRESH', '활력을 불어넣는 재충전자', '당신은 침체된 분위기를 환기하고 새로운 활력을 불어넣는 능력을 가졌습니다. 당신의 존재는 주변에 긍정적이고 상쾌한 에너지를 전파합니다.');
INSERT INTO TB_SIMULATION_RESULTS (result_id, result_type, personality_type, result_title, result_summary) VALUES
    (21, 'TEMPLATE', 'SIMPLICITY', '단순함의 미학을 아는 자', '당신은 복잡함보다 단순함이 주는 명료함과 편안함을 선호합니다. 불필요한 것을 덜어내고 본질에 집중하는 당신의 삶은 그 자체로 아름답습니다.');
INSERT INTO TB_SIMULATION_RESULTS (result_id, result_type, personality_type, result_title, result_summary) VALUES
    (22, 'TEMPLATE', 'ACCEPTANCE', '있는 그대로를 수용하는 마음', '당신은 과거의 흔적이나 불완전함을 부정하지 않고, 현재의 일부로 끌어안을 줄 아는 넓은 마음을 가졌습니다. 당신의 수용적인 태도는 모든 것을 아름답게 변화시킵니다.');
INSERT INTO TB_SIMULATION_RESULTS (result_id, result_type, personality_type, result_title, result_summary) VALUES
    (23, 'TEMPLATE', 'PLANNING', '미래를 설계하는 건축가', '당신은 더 나은 미래를 위해 체계적인 계획을 세우고 기반을 다지는 것을 중요하게 생각합니다. 당신의 철저한 준비는 성장을 더욱 안정적이고 확실하게 만듭니다.');
INSERT INTO TB_SIMULATION_RESULTS (result_id, result_type, personality_type, result_title, result_summary) VALUES
    (24, 'TEMPLATE', 'RESPONSIBILITY', '세심한 책임감의 관리자', '당신은 눈에 보이는 결과뿐만 아니라, 그 이면에 있을 수 있는 문제까지 살피는 깊은 책임감을 가지고 있습니다. 당신의 세심한 관리는 잠재적인 위험을 예방합니다.');
INSERT INTO TB_SIMULATION_RESULTS (result_id, result_type, personality_type, result_title, result_summary) VALUES
    (25, 'TEMPLATE', 'PERSEVERANCE', '결실을 향한 끈기', '당신은 당장의 결과가 보이지 않더라도, 먼 미래의 결실을 위해 꾸준히 노력하는 인내심을 가졌습니다. 당신의 끈기는 결국 가장 달콤한 열매를 맺게 할 것입니다.');
INSERT INTO TB_SIMULATION_RESULTS (result_id, result_type, personality_type, result_title, result_summary) VALUES
    (26, 'TEMPLATE', 'FLEXIBILITY', '유연한 사고의 적응가', '당신은 하나의 목표나 방식에 얽매이지 않고, 상황에 따라 유연하게 대처할 줄 아는 지혜를 가졌습니다. 당신의 적응력은 어떤 환경에서도 새로운 길을 찾게 합니다.');
INSERT INTO TB_SIMULATION_RESULTS (result_id, result_type, personality_type, result_title, result_summary) VALUES
    (27, 'TEMPLATE', 'IMPROVEMENT', '끊임없이 발전하는 노력가', '당신은 현재의 상태에 안주하지 않고, 더 나은 결과를 위해 끊임없이 개선점을 찾아 노력합니다. 당신의 발전적인 태도는 최고의 결과물을 만들어냅니다.');
INSERT INTO TB_SIMULATION_RESULTS (result_id, result_type, personality_type, result_title, result_summary) VALUES
    (28, 'TEMPLATE', 'OPTIMISM', '희망을 노래하는 긍정주의자', '당신은 작은 가능성 속에서도 밝은 미래를 보고, 긍정적인 에너지를 주변에 전파합니다. 당신이 붙여준 ''희망''이라는 이름표는 정원 전체를 밝게 비춥니다.');
INSERT INTO TB_SIMULATION_RESULTS (result_id, result_type, personality_type, result_title, result_summary) VALUES
    (29, 'TEMPLATE', 'ENDURANCE', '과정의 가치를 아는 인내자', '당신은 화려한 결과보다, 묵묵히 자신의 길을 걸어가는 과정의 가치를 더 중요하게 생각합니다. 당신의 인내는 당신을 더욱 단단하고 깊이 있는 사람으로 만듭니다.');
INSERT INTO TB_SIMULATION_RESULTS (result_id, result_type, personality_type, result_title, result_summary) VALUES
    (30, 'TEMPLATE', 'PRUDENCE', '신중한 관찰자', '당신은 섣부른 판단이나 정의를 내리기보다, 대상을 충분히 이해할 때까지 시간을 갖고 신중하게 관찰합니다. 당신의 사려 깊음은 실수를 줄이고 최선의 선택을 돕습니다.');
INSERT INTO TB_SIMULATION_RESULTS (result_id, result_type, personality_type, result_title, result_summary) VALUES
    (31, 'TEMPLATE', 'CONNECTION', '세상과 교감하는 감성가', '당신은 자연, 사물, 타인과의 보이지 않는 연결을 느끼고 교감하는 데에서 깊은 위안과 기쁨을 얻습니다. 당신의 섬세한 감수성은 세상을 더욱 풍요롭게 만듭니다.');
INSERT INTO TB_SIMULATION_RESULTS (result_id, result_type, personality_type, result_title, result_summary) VALUES
    (32, 'TEMPLATE', 'APPRECIATION', '있는 그대로를 즐기는 감사', '당신은 자신의 노력이 만들어낸 결과를 차분히 감상하며, 그 순간에 온전히 만족하고 감사할 줄 압니다. 당신의 태도는 소소한 일상을 행복으로 채웁니다.');
INSERT INTO TB_SIMULATION_RESULTS (result_id, result_type, personality_type, result_title, result_summary) VALUES
    (33, 'TEMPLATE', 'ATMOSPHERE', '분위기를 창조하는 연출가', '당신은 감각적인 요소들을 활용하여 평범한 공간이나 순간을 특별한 분위기로 연출하는 능력이 뛰어납니다. 당신과 함께하는 시간은 늘 특별한 경험이 됩니다.');
INSERT INTO TB_SIMULATION_RESULTS (result_id, result_type, personality_type, result_title, result_summary) VALUES
    (34, 'TEMPLATE', 'THOROUGHNESS', '완벽을 추구하는 장인', '당신은 일을 시작하면 사소한 부분까지 놓치지 않고 완벽하게 마무리하려는 꼼꼼함을 가졌습니다. 당신의 철저함은 언제나 최상의 결과물을 보장합니다.');
INSERT INTO TB_SIMULATION_RESULTS (result_id, result_type, personality_type, result_title, result_summary) VALUES
    (35, 'TEMPLATE', 'EFFICIENCY', '효율을 중시하는 전략가', '당신은 복잡한 문제 앞에서 가장 핵심적인 부분을 파악하고, 최소한의 노력으로 최대의 효과를 내는 효율적인 해결책을 찾아냅니다. 당신의 판단은 늘 현명합니다.');
INSERT INTO TB_SIMULATION_RESULTS (result_id, result_type, personality_type, result_title, result_summary) VALUES
    (36, 'TEMPLATE', 'REFLECTION', '행동의 의미를 되새기는 성찰가', '당신은 행동으로 끝내는 것이 아니라, 그 결과를 통해 배우고 의미를 되새기는 깊이 있는 성찰의 시간을 중요하게 생각합니다. 당신은 경험을 통해 끊임없이 성장합니다.');
INSERT INTO TB_SIMULATION_RESULTS (result_id, result_type, personality_type, result_title, result_summary) VALUES
    (37, 'TEMPLATE', 'MOTIVATION', '새로운 에너지를 얻는 계획가', '당신은 충분한 휴식 뒤에 오는 긍정적인 에너지를 새로운 계획과 행동으로 연결할 줄 아는 사람입니다. 당신의 삶은 휴식과 성장의 선순환으로 가득합니다.');
INSERT INTO TB_SIMULATION_RESULTS (result_id, result_type, personality_type, result_title, result_summary) VALUES
    (38, 'TEMPLATE', 'REWARD', '스스로를 격려하는 현명함', '당신은 목표를 향해 나아가는 과정에서, 스스로의 노력을 인정하고 작은 보상을 통해 격려할 줄 아는 지혜를 가졌습니다. 이는 당신이 지치지 않고 나아가는 원동력이 됩니다.');
INSERT INTO TB_SIMULATION_RESULTS (result_id, result_type, personality_type, result_title, result_summary) VALUES
    (39, 'TEMPLATE', 'PRACTICALITY', '생각을 행동으로 옮기는 실천가', '당신은 추상적인 생각에 머무르기보다, 현실적인 문제를 해결하기 위해 즉시 행동으로 옮기는 강한 실천력을 가지고 있습니다. 당신은 생각보다 행동으로 세상을 바꿉니다.');
INSERT INTO TB_SIMULATION_RESULTS (result_id, result_type, personality_type, result_title, result_summary) VALUES
    (40, 'TEMPLATE', 'UNKNOWN', '알 수 없는 마음의 여행자', '당신의 선택은 여러 가지 성향이 복합적으로 나타나 하나의 키워드로 정의하기 어렵습니다. 이는 당신이 다양한 가능성을 지닌 다면적인 사람이라는 것을 의미할 수 있습니다. 계속해서 자신을 탐색해보세요.');

-- 사용자 결과 저장을 위한 테이블 생성 (수정본)
CREATE TABLE TB_SIMULATION_USER_RESULTS (
                                            user_result_id NUMBER(19,0) NOT NULL PRIMARY KEY,
                                            setting_id NUMBER(19,0) NOT NULL UNIQUE,
    -- personality_type VARCHAR2(50) NOT NULL, -- ✅ 성향 타입 컬럼은 제거
                                            result_title VARCHAR2(255) NOT NULL,
                                            result_summary VARCHAR2(2000),

    -- ✨ 새로 추가된 컬럼들 ✨
                                            initial_stress_score NUMBER(5,0),        -- 시뮬레이션 시작 전 스트레스 점수
                                            initial_depression_score NUMBER(5,0),   -- 시뮬레이션 시작 전 우울감 점수
                                            estimated_final_stress_score NUMBER(5,0), -- 시뮬레이션 후 AI 추정 스트레스 점수
                                            estimated_final_depression_score NUMBER(5,0), -- 시뮬레이션 후 AI 추정 우울감 점수
                                            positive_contribution_factors VARCHAR2(2000), -- AI가 분석한 긍정적 기여 요인 (요약 텍스트)

                                            created_at TIMESTAMP DEFAULT SYSDATE NOT NULL
);

-- 테이블 및 각 컬럼에 대한 설명(코멘트) 추가 (수정본)
COMMENT ON TABLE TB_SIMULATION_USER_RESULTS IS '사용자별 시뮬레이션 최종 결과 저장 테이블';
COMMENT ON COLUMN TB_SIMULATION_USER_RESULTS.user_result_id IS '사용자 결과 ID (PK)';
COMMENT ON COLUMN TB_SIMULATION_USER_RESULTS.setting_id IS '시뮬레이션 진행 ID (FK, TB_SIMULATION_SETTINGS)';
COMMENT ON COLUMN TB_SIMULATION_USER_RESULTS.result_title IS '결과 제목';
COMMENT ON COLUMN TB_SIMULATION_USER_RESULTS.result_summary IS '결과 요약 내용';
-- ✨ 새로 추가된 컬럼에 대한 코멘트 ✨
COMMENT ON COLUMN TB_SIMULATION_USER_RESULTS.initial_stress_score IS '시뮬레이션 시작 전 사용자 스트레스 검사 점수';
COMMENT ON COLUMN TB_SIMULATION_USER_RESULTS.initial_depression_score IS '시뮬레이션 시작 전 사용자 우울감 검사 점수';
COMMENT ON COLUMN TB_SIMULATION_USER_RESULTS.estimated_final_stress_score IS '시뮬레이션 후 AI가 추정한 최종 스트레스 점수';
COMMENT ON COLUMN TB_SIMULATION_USER_RESULTS.estimated_final_depression_score IS '시뮬레이션 후 AI가 추정한 최종 우울감 점수';
COMMENT ON COLUMN TB_SIMULATION_USER_RESULTS.positive_contribution_factors IS '시뮬레이션 과정에서 AI가 분석한 사용자의 긍정적 기여 요인';
COMMENT ON COLUMN TB_SIMULATION_USER_RESULTS.created_at IS '결과 저장 시간';

--(250716 신선혜 :  IMP_END_DATE NULLABLE 허용으로 변경 )
-- 22. TB_NOTICES
CREATE TABLE TB_NOTICES (
                            NOTICE_NO NUMBER(19) PRIMARY KEY,
                            TITLE VARCHAR2(100) NOT NULL,
                            USER_ID VARCHAR2(255) NOT NULL,
                            CONTENT VARCHAR2(2000) NOT NULL,
                            READCOUNT NUMBER(19) DEFAULT 0,
                            ORIGINAL_FILEPATH VARCHAR2(2000),
                            RENAME_FILEPATH VARCHAR2(2000),
                            IMPORTANCE CHAR(1) DEFAULT 'N' NOT NULL,
                            IMP_END_DATE DATE,
                            NOTICE_DATE DATE DEFAULT SYSDATE NOT NULL,
                            CONSTRAINT FK_NOTICE_USER_ID FOREIGN KEY (USER_ID) REFERENCES TB_USERS (USER_ID) ON DELETE CASCADE
);

COMMENT ON TABLE TB_NOTICES IS '공지사항 관리';
COMMENT ON COLUMN TB_NOTICES.NOTICE_NO IS '공지사항 고유 식별자';
COMMENT ON COLUMN TB_NOTICES.TITLE IS '공지 제목';
COMMENT ON COLUMN TB_NOTICES.USER_ID IS '작성자';
COMMENT ON COLUMN TB_NOTICES.CONTENT IS '공지 내용';
COMMENT ON COLUMN TB_NOTICES.READCOUNT IS '조회수';
COMMENT ON COLUMN TB_NOTICES.ORIGINAL_FILEPATH IS '원본첨부파일';
COMMENT ON COLUMN TB_NOTICES.RENAME_FILEPATH IS '바뀐첨부파일';
COMMENT ON COLUMN TB_NOTICES.IMPORTANCE IS '중요도';
COMMENT ON COLUMN TB_NOTICES.IMP_END_DATE IS '중요도게시종료날짜';
COMMENT ON COLUMN TB_NOTICES.NOTICE_DATE IS '작성 시간';



--(250714 신선혜 : CATEGORY,LAST_ACTIVITY_AT COLUMN 추가, ORIGINAL_FILEPATH,  RENAME_FILEPATH 삭제  )
-- 23. TB_INQUIRIES
CREATE TABLE TB_INQUIRIES (
                              INQUIRY_ID NUMBER(19) PRIMARY KEY,
                              USER_ID VARCHAR2(255) NOT NULL,
                              TITLE VARCHAR2(100) NOT NULL,
                              CATEGORY VARCHAR2(100) NOT NULL,
                              CONTENT VARCHAR2(2000) NOT NULL,
    --ORIGINAL_FILEPATH VARCHAR2(2000),
    --RENAME_FILEPATH VARCHAR2(2000),
                              STATUS VARCHAR2(20) DEFAULT 'PENDING' NOT NULL,
                              CREATED_AT DATE DEFAULT SYSDATE NOT NULL,
                              LAST_ACTIVITY_AT DATE DEFAULT SYSDATE,

                              CONSTRAINT FK_INQUIRY_USER FOREIGN KEY (USER_ID) REFERENCES TB_USERS(USER_ID) ON DELETE CASCADE,
                              CONSTRAINT CHK_INQUIRY_STATUS CHECK (STATUS IN ('PENDING', 'ANSWERED', 'CLOSED'))
);

COMMENT ON TABLE TB_INQUIRIES IS '사용자 문의사항 관리';
COMMENT ON COLUMN TB_INQUIRIES.INQUIRY_ID IS '문의 고유 식별자';
COMMENT ON COLUMN TB_INQUIRIES.USER_ID IS 'TB_USERS 테이블의 사용자 ID 참조';
COMMENT ON COLUMN TB_INQUIRIES.TITLE IS '문의 제목';
COMMENT ON COLUMN TB_INQUIRIES.CATEGORY IS '문의 카테고리';
COMMENT ON COLUMN TB_INQUIRIES.CONTENT IS '문의 내용';
--COMMENT ON COLUMN TB_INQUIRIES.ORIGINAL_FILEPATH IS '원본첨부파일';
--COMMENT ON COLUMN TB_INQUIRIES.RENAME_FILEPATH IS '바뀐첨부파일';
COMMENT ON COLUMN TB_INQUIRIES.STATUS IS '문의 상태 (PENDING: 답변대기, ANSWERED: 답변완료, CLOSED: 종료)';
COMMENT ON COLUMN TB_INQUIRIES.CREATED_AT IS '문의 생성 시간';
COMMENT ON COLUMN TB_INQUIRIES.LAST_ACTIVITY_AT IS '추가문의 생성 시간';



--(250711 신선혜 : TITLE, READ_COUNT COLUMN 삭제)
--(250715 신선혜 : PARENT_COMMENT_ID, COMMENT_LEVEL, COMMENT_SEQ 삭제)
-- 24. TB_COMMENTS
CREATE TABLE TB_COMMENTS (
                             COMMENT_ID NUMBER(19) PRIMARY KEY,  -- 댓글 고유 식별자
                             INQUIRY_ID NUMBER(19),              -- 문의사항 참조 (원글)
                             USER_ID VARCHAR2(255),               -- 작성자
                             CONTENT VARCHAR2(2000) NOT NULL,    -- 내용
                             CREATED_AT DATE DEFAULT SYSDATE,    -- 작성 시간
                             CONSTRAINT FK_COMMENT_USER_ID FOREIGN KEY (USER_ID) REFERENCES TB_USERS (USER_ID) ON DELETE CASCADE,
                             CONSTRAINT FK_COMMENT_INQUIRY FOREIGN KEY (INQUIRY_ID) REFERENCES TB_INQUIRIES (INQUIRY_ID) ON DELETE CASCADE

);


COMMENT ON TABLE TB_COMMENTS IS '문의사항 댓글 및 대댓글 관리';
COMMENT ON COLUMN TB_COMMENTS.COMMENT_ID IS '댓글 고유 식별자';
COMMENT ON COLUMN TB_COMMENTS.INQUIRY_ID IS '문의사항 참조 ID';
COMMENT ON COLUMN TB_COMMENTS.USER_ID IS '댓글 작성자 ID';
COMMENT ON COLUMN TB_COMMENTS.CONTENT IS '댓글 내용';
COMMENT ON COLUMN TB_COMMENTS.CREATED_AT IS '댓글 생성 시간';



-- 25. TB_SYSTEM_LOGS
CREATE TABLE TB_SYSTEM_LOGS (
                                LOG_ID NUMBER(19) PRIMARY KEY,
                                USER_ID VARCHAR2(255),
                                ACTION VARCHAR2(100) NOT NULL,
                                SEVERITY VARCHAR2(50) NOT NULL,
                                BEFORE_DATA VARCHAR2(2000),
                                AFTER_DATA VARCHAR2(2000),
                                CREATED_AT DATE DEFAULT SYSDATE NOT NULL,

                                CONSTRAINT FK_SYSTEMLOG_USER FOREIGN KEY (USER_ID) REFERENCES TB_USERS(USER_ID) ON DELETE CASCADE,
                                CONSTRAINT CHK_SYSTEMLOG_SEVERITY CHECK (SEVERITY IN ('INFO', 'WARN', 'ERROR', 'CRITICAL'))
);

COMMENT ON TABLE TB_SYSTEM_LOGS IS '시스템 변경 로그';
COMMENT ON COLUMN TB_SYSTEM_LOGS.LOG_ID IS '로그 고유 식별자';
COMMENT ON COLUMN TB_SYSTEM_LOGS.USER_ID IS 'TB_USERS 테이블의 사용자 ID 참조';
COMMENT ON COLUMN TB_SYSTEM_LOGS.ACTION IS '변경 항목 (예: 사용자 정보 수정)';
COMMENT ON COLUMN TB_SYSTEM_LOGS.SEVERITY IS '로그의 심각도 (예: INFO, WARN, ERROR, CRITICAL)';
COMMENT ON COLUMN TB_SYSTEM_LOGS.BEFORE_DATA IS '변경 전 데이터';
COMMENT ON COLUMN TB_SYSTEM_LOGS.AFTER_DATA IS '변경 후 데이터';
COMMENT ON COLUMN TB_SYSTEM_LOGS.CREATED_AT IS '로그 생성 시간';


-- 26. TB_USER_ANALYSIS_SUMMARY (수정)
CREATE TABLE TB_USER_ANALYSIS_SUMMARY (
    -- USER_SUMMARY_ID: 종합 분석 요약의 고유 식별자. 각 분석 요약을 고유하게 구분합니다.
                                          USER_SUMMARY_ID NUMBER(19) CONSTRAINT PK_USER_SUMMARY_ID PRIMARY KEY,

    -- USER_ID: 이 종합 분석 요약의 대상이 되는 사용자 ID. TB_USERS 테이블의 USER_ID를 참조합니다.
                                          USER_ID VARCHAR2(255),

    -- LAST_UPDATED: 이 종합 분석 요약이 최종적으로 업데이트된 시각. 기본값은 현재 시간입니다.
                                          LAST_UPDATED DATE DEFAULT SYSDATE,

    -- PSYCHO_IMAGE_RESULT_ID: 이미지-텍스트 심리 검사 결과 (TB_PSYCHOLOGICAL_IMAGE_RESULTS 테이블)의 고유 식별자를 참조합니다.
                                          PSYCHO_IMAGE_RESULT_ID NUMBER(19), -- FK to TB_PSYCHOLOGICAL_IMAGE_RESULTS.RESULT_ID

    -- PERSONALITY_RESULT_ID: 성격 검사 결과 (TB_PERSONALITY_RESULTS 테이블)의 고유 식별자를 참조합니다.
                                          PERSONALITY_RESULT_ID NUMBER(19), -- FK to TB_PERSONALITY_RESULTS.PERSONALITY_ID

    -- ⭐ 새로 추가: PSYCHO_SCALE_RESULT_ID: 척도 기반 심리 검사 결과 (TB_PSYCHOLOGICAL_SCALE_RESULTS 테이블)의 고유 식별자를 참조합니다.
                                          PSYCHO_SCALE_RESULT_ID NUMBER(19), -- FK to TB_PSYCHOLOGICAL_SCALE_RESULTS.RESULT_ID

    -- EMOTION_LOG_ID: 감정 로그 (TB_EMOTION_LOGS 테이블)의 고유 식별자를 참조합니다. (만약 이 테이블을 사용한다면)
                                          EMOTION_LOG_ID NUMBER(19),

    -- SUMMARY_ID: 상담 분석 요약 (TB_COUNSELING_ANALYSIS_SUMMARIES 테이블)의 고유 식별자를 참조합니다. (만약 이 테이블을 사용한다면)
                                          SUMMARY_ID NUMBER(19),

    -- SIMULATION_RESULT_ID: 시뮬레이션 결과 (TB_SIMULATION_RESULTS 테이블)의 고유 식별자를 참조합니다. (컬럼명 명확화)
                                          SIMULATION_RESULT_ID NUMBER(19), -- 기존 RESULT_ID에서 변경됨

    -- ANALYSIS_COMMENT: AI가 제공하는 사용자 종합 분석 코멘트 또는 총평입니다.
                                          ANALYSIS_COMMENT CLOB,

    -- 외래 키 제약 조건: USER_ID는 TB_USERS 테이블의 USER_ID를 참조합니다. 사용자가 삭제되면 관련 요약도 삭제됩니다.
                                          CONSTRAINT FK_SUMMARY_USER FOREIGN KEY (USER_ID) REFERENCES TB_USERS(USER_ID) ON DELETE CASCADE,

    -- 외래 키 제약 조건: PSYCHO_IMAGE_RESULT_ID는 TB_PSYCHOLOGICAL_IMAGE_RESULTS 테이블의 RESULT_ID를 참조합니다.
                                          CONSTRAINT FK_SUMMARY_PSYCHO_IMAGE FOREIGN KEY (PSYCHO_IMAGE_RESULT_ID) REFERENCES TB_PSYCHOLOGICAL_IMAGE_RESULTS(RESULT_ID) ON DELETE CASCADE,

    -- 외래 키 제약 조건: PERSONALITY_RESULT_ID는 TB_PERSONALITY_RESULTS 테이블의 PERSONALITY_ID를 참조합니다.
                                          CONSTRAINT FK_SUMMARY_PERSONALITY FOREIGN KEY (PERSONALITY_RESULT_ID) REFERENCES TB_PERSONALITY_RESULTS(PERSONALITY_ID) ON DELETE CASCADE,

    -- ⭐ 새로 추가된 외래 키 제약 조건: PSYCHO_SCALE_RESULT_ID는 TB_PSYCHOLOGICAL_SCALE_RESULTS 테이블의 RESULT_ID를 참조합니다.
                                          CONSTRAINT FK_SUMMARY_PSYCHO_SCALE FOREIGN KEY (PSYCHO_SCALE_RESULT_ID) REFERENCES TB_PSYCHOLOGICAL_SCALE_RESULTS(RESULT_ID) ON DELETE CASCADE,

    -- 외래 키 제약 조건: EMOTION_LOG_ID는 TB_EMOTION_LOGS 테이블의 EMOTION_LOG_ID를 참조합니다.
                                          CONSTRAINT FK_SUMMARY_EMOTION FOREIGN KEY (EMOTION_LOG_ID) REFERENCES TB_EMOTION_LOGS(EMOTION_LOG_ID) ON DELETE CASCADE,

    -- 외래 키 제약 조건: SUMMARY_ID는 TB_COUNSELING_ANALYSIS_SUMMARIES 테이블의 SUMMARY_ID를 참조합니다.
                                          CONSTRAINT FK_SUMMARY_COUNSELING FOREIGN KEY (SUMMARY_ID) REFERENCES TB_COUNSELING_ANALYSIS_SUMMARIES(SUMMARY_ID) ON DELETE CASCADE,

    -- 외래 키 제약 조건: SIMULATION_RESULT_ID는 TB_SIMULATION_RESULTS 테이블의 RESULT_ID를 참조합니다.
                                          CONSTRAINT FK_SUMMARY_SIMULATION FOREIGN KEY (SIMULATION_RESULT_ID) REFERENCES TB_SIMULATION_RESULTS(RESULT_ID) ON DELETE CASCADE
);

-- 테이블 및 컬럼 코멘트 추가 (Oracle SQL 문법)
COMMENT ON TABLE TB_USER_ANALYSIS_SUMMARY IS '사용자별 심리/성격 검사 및 기타 분석 결과 종합 요약';
COMMENT ON COLUMN TB_USER_ANALYSIS_SUMMARY.USER_SUMMARY_ID IS '종합 분석 요약의 고유 식별자';
COMMENT ON COLUMN TB_USER_ANALYSIS_SUMMARY.USER_ID IS 'TB_USERS 테이블의 사용자 ID 참조';
COMMENT ON COLUMN TB_USER_ANALYSIS_SUMMARY.LAST_UPDATED IS '종합 요약의 최종 업데이트 시간';
COMMENT ON COLUMN TB_USER_ANALYSIS_SUMMARY.PSYCHO_IMAGE_RESULT_ID IS 'TB_PSYCHOLOGICAL_IMAGE_RESULTS 테이블 (이미지-텍스트 심리 검사 결과) 참조';
COMMENT ON COLUMN TB_USER_ANALYSIS_SUMMARY.PERSONALITY_RESULT_ID IS 'TB_PERSONALITY_RESULTS 테이블 (성격 검사 결과) 참조';
COMMENT ON COLUMN TB_USER_ANALYSIS_SUMMARY.PSYCHO_SCALE_RESULT_ID IS 'TB_PSYCHOLOGICAL_SCALE_RESULTS 테이블 (척도 기반 심리 검사 결과) 참조';
COMMENT ON COLUMN TB_USER_ANALYSIS_SUMMARY.EMOTION_LOG_ID IS 'TB_EMOTION_LOGS 테이블 (감정 로그) 참조';
COMMENT ON COLUMN TB_USER_ANALYSIS_SUMMARY.SUMMARY_ID IS 'TB_COUNSELING_ANALYSIS_SUMMARIES 테이블 (상담 분석 요약) 참조';
COMMENT ON COLUMN TB_USER_ANALYSIS_SUMMARY.SIMULATION_RESULT_ID IS 'TB_SIMULATION_RESULTS 테이블 (시뮬레이션 결과) 참조';
COMMENT ON COLUMN TB_USER_ANALYSIS_SUMMARY.ANALYSIS_COMMENT IS 'AI가 제공하는 사용자 종합 분석 코멘트';

-- 27. TB_QUEST_REWARDS
CREATE TABLE TB_QUEST_REWARDS (
                                  REWARD_ID NUMBER(19) PRIMARY KEY,
                                  QUEST_NAME VARCHAR2(100) NOT NULL,           -- 퀘스트/업적 이름
                                  REQUIRED_POINTS NUMBER(10) NOT NULL,         -- 구매/획득 필요 포인트
                                  REWARD_RARITY VARCHAR2(20) NOT NULL,         -- 레어리티(레어/에픽/유니크/레전더리/플래티넘)
                                  TITLE_REWARD VARCHAR2(50),                   -- 뱃지/칭호명
                                  DESCRIPTION VARCHAR2(1000),                  -- 설명
                                  IMAGE_PATH VARCHAR2(255)                     -- 뱃지 이미지 경로
);

COMMENT ON TABLE TB_QUEST_REWARDS IS '퀘스트/뱃지 보상 마스터';
COMMENT ON COLUMN TB_QUEST_REWARDS.REWARD_RARITY IS '보상 등급(레어, 에픽, 유니크, 레전더리, 플래티넘)';
COMMENT ON COLUMN TB_QUEST_REWARDS.IMAGE_PATH IS '뱃지 이미지 경로';

-- 샘플 데이터
INSERT INTO TB_QUEST_REWARDS VALUES (1, '첫 마음 다짐', 100, '레어', '정신력 수련생', '마음의 기초를 다지는 첫걸음', '/images/badge/badge_1.png');
INSERT INTO TB_QUEST_REWARDS VALUES (2, '감정 일기', 200, '레어', '감정의 기록자', '자신의 감정을 기록하는 따뜻한 마음', '/images/badge/badge_2.png');
INSERT INTO TB_QUEST_REWARDS VALUES (3, '자기 이해', 300, '에픽', '내면의 탐구자', '자신의 내면을 깊이 탐구한 자에게', '/images/badge/badge_3.png');
INSERT INTO TB_QUEST_REWARDS VALUES (4, '스트레스 관리', 400, '에픽', '평온의 수호자', '마음의 평온을 지키는 강인한 영혼', '/images/badge/badge_4.png');
INSERT INTO TB_QUEST_REWARDS VALUES (5, '깊은 대화', 600, '유니크', '마음의 대화술사', '진정한 대화로 마음을 나누는 자에게', '/images/badge/badge_5.png');
INSERT INTO TB_QUEST_REWARDS VALUES (6, '긍정의 습관', 700, '유니크', '희망의 전파자', '긍정의 에너지를 퍼뜨리는 빛나는 존재', '/images/badge/badge_6.png');
INSERT INTO TB_QUEST_REWARDS VALUES (7, '자아 성장', 800, '레전더리', '성장의 마스터', '끊임없는 성장으로 빛나는 별과 같은 당신', '/images/badge/badge_7.png');
INSERT INTO TB_QUEST_REWARDS VALUES (8, '마음의 여정', 1000, '레전더리', '영혼의 길잡이', '마음의 여정을 이끄는 위대한 길잡이', '/images/badge/badge_8.png');
INSERT INTO TB_QUEST_REWARDS VALUES (9, '심리학 마스터', 1200, '플래티넘', '심리학의 현자', '심리학의 깊은 지식을 가진 현명한 자', '/images/badge/badge_9.png');
INSERT INTO TB_QUEST_REWARDS VALUES (10, '치유의 달인', 1500, '플래티넘', '치유의 대가', '마음의 상처를 치유하는 대가', '/images/badge/badge_10.png');

-- 28. TB_USER_POINTS
CREATE TABLE TB_USER_POINTS (
                                USER_ID VARCHAR2(255) PRIMARY KEY,
                                POINTS NUMBER(10) DEFAULT 0 NOT NULL -- 현재 포인트
);

COMMENT ON TABLE TB_USER_POINTS IS '사용자 포인트 관리';
COMMENT ON COLUMN TB_USER_POINTS.USER_ID IS '사용자 ID';
COMMENT ON COLUMN TB_USER_POINTS.POINTS IS '사용자 보유 포인트';

-- 샘플 데이터
INSERT INTO TB_USER_POINTS VALUES ('user001', 2450);
INSERT INTO TB_USER_POINTS VALUES ('user002', 3000);

-- 29. TB_USER_REWARDS (사용자 보상 내역 테이블)
-- 설명: 사용자가 획득한 뱃지/칭호 보상을 관리하는 테이블로, 보상 획득 및 장착 상태를 저장합니다.
CREATE TABLE TB_USER_REWARDS (
                                 USER_REWARD_ID NUMBER(19) PRIMARY KEY,            -- 사용자 보상 고유 ID (시퀀스 등으로 관리)
                                 USER_ID VARCHAR2(255) NOT NULL,                   -- 사용자 ID (TB_USERS 테이블의 USER_ID 참조)
                                 REWARD_ID NUMBER(19) NOT NULL,                    -- 보상(뱃지/칭호) ID (TB_QUEST_REWARDS 테이블의 REWARD_ID 참조)
                                 ACQUIRED_AT DATE DEFAULT SYSDATE,                 -- 획득(구매) 일시
                                 IS_APPLIED NUMBER(1) DEFAULT 0 CHECK (IS_APPLIED IN (0, 1)), -- 적용 여부 (0: 미적용, 1: 적용)
                                 IS_EQUIPPED NUMBER(1) DEFAULT 0 CHECK (IS_EQUIPPED IN (0, 1)), -- 장착 여부 (0: 미장착, 1: 장착)
                                 CONSTRAINT FK_USER_REWARD_USER FOREIGN KEY (USER_ID) REFERENCES TB_USERS(USER_ID) ON DELETE CASCADE, -- 외래 키: USER_ID가 TB_USERS 테이블 참조, 사용자 삭제 시 보상도 삭제
                                 CONSTRAINT FK_USER_REWARD_REWARD FOREIGN KEY (REWARD_ID) REFERENCES TB_QUEST_REWARDS(REWARD_ID) ON DELETE CASCADE, -- 외래 키: REWARD_ID가 TB_QUEST_REWARDS 테이블 참조, 보상 삭제 시 내역도 삭제
                                 CONSTRAINT UK_USER_REWARD UNIQUE (USER_ID, REWARD_ID) -- 고유 제약: 한 사용자는 같은 보상을 한 번만 획득
);

-- TB_USER_REWARDS 테이블 및 컬럼에 대한 주석
COMMENT ON TABLE TB_USER_REWARDS IS '사용자 뱃지/칭호 획득 내역';
COMMENT ON COLUMN TB_USER_REWARDS.USER_REWARD_ID IS '사용자 보상 고유 ID';
COMMENT ON COLUMN TB_USER_REWARDS.USER_ID IS '사용자 ID (TB_USERS 테이블의 USER_ID 참조)';
COMMENT ON COLUMN TB_USER_REWARDS.REWARD_ID IS '보상(뱃지/칭호) ID (TB_QUEST_REWARDS 테이블의 REWARD_ID 참조)';
COMMENT ON COLUMN TB_USER_REWARDS.ACQUIRED_AT IS '획득(구매) 일시';
COMMENT ON COLUMN TB_USER_REWARDS.IS_APPLIED IS '보상 적용 여부 (0: 미적용, 1: 적용)';
COMMENT ON COLUMN TB_USER_REWARDS.IS_EQUIPPED IS '보상 장착 여부 (0: 미장착, 1: 장착)';


-- USER_REWARD_ID는 시퀀스(예: SEQ_USER_REWARD_ID.NEXTVAL)로 관리하는 것이 일반적입니다.
-- 예시:
-- INSERT INTO TB_USER_REWARDS (USER_REWARD_ID, USER_ID, REWARD_ID, ACQUIRED_AT, IS_APPLIED)
-- VALUES (SEQ_USER_REWARD_ID.NEXTVAL, 'user1', 1, SYSDATE, 1);

-- 30. TB_QUEST (퀘스트 테이블)
CREATE TABLE TB_QUEST (
                          QUEST_ID NUMBER(19) PRIMARY KEY,           -- 퀘스트 고유 ID
                          USER_ID VARCHAR2(255) NOT NULL,            -- 사용자 ID
                          QUEST_NAME VARCHAR2(200) NOT NULL,         -- 퀘스트 명
                          QUEST_POINTS NUMBER(5) DEFAULT 5,          -- 퀘스트 보상 포인트
                          IS_COMPLETED NUMBER(1) DEFAULT 0 NOT NULL CHECK (IS_COMPLETED IN (0,1)), -- 완료 여부 (0: 미완료, 1: 완료)
                          CREATED_AT DATE DEFAULT SYSDATE NOT NULL,  -- 생성 일시
                          CONSTRAINT FK_QUEST_USER FOREIGN KEY (USER_ID) REFERENCES TB_USERS(USER_ID) ON DELETE CASCADE
);

COMMENT ON TABLE TB_QUEST IS '퀘스트';
COMMENT ON COLUMN TB_QUEST.QUEST_ID IS '퀘스트 고유 ID';
COMMENT ON COLUMN TB_QUEST.USER_ID IS '사용자 ID';
COMMENT ON COLUMN TB_QUEST.QUEST_NAME IS '퀘스트 명';
COMMENT ON COLUMN TB_QUEST.QUEST_POINTS IS '퀘스트 보상 포인트';
COMMENT ON COLUMN TB_QUEST.IS_COMPLETED IS '완료 여부 (0: 미완료, 1: 완료)';
COMMENT ON COLUMN TB_QUEST.CREATED_AT IS '생성 일시';

-- 31. TB_CONTENTS
CREATE TABLE TB_CONTENTS (
                             CONTENT_ID NUMBER(19) PRIMARY KEY,         -- 콘텐츠 고유 ID (시퀀스 등으로 관리)
                             USER_ID VARCHAR2(255),                     -- 사용자 ID (TB_USERS.USER_ID, 맞춤형 추천일 경우)
                             GUIDANCE_TYPE_ID NUMBER(19),               -- 가이드 유형 ID (TB_GUIDANCE_TYPES.GUIDANCE_TYPE_ID)
                             USER_SUMMARY_ID NUMBER(19),                -- 사용자 분석 요약 ID (TB_USER_ANALYSIS_SUMMARY.USER_SUMMARY_ID)
                             TITLE VARCHAR2(100) NOT NULL,              -- 콘텐츠 제목
                             URL VARCHAR2(255) NOT NULL,                -- 콘텐츠 URL (YouTube 등)
                             SOURCE VARCHAR2(100),                      -- 콘텐츠 출처(YouTube, Pixabay 등)
                             CONSTRAINT FK_CONTENT_USER FOREIGN KEY (USER_ID) REFERENCES TB_USERS(USER_ID) ON DELETE SET NULL,
                             CONSTRAINT FK_CONTENT_GUIDANCE_TYPE FOREIGN KEY (GUIDANCE_TYPE_ID) REFERENCES TB_GUIDANCE_TYPES(GUIDANCE_TYPE_ID) ON DELETE SET NULL,
                             CONSTRAINT FK_CONTENT_USER_SUMMARY FOREIGN KEY (USER_SUMMARY_ID) REFERENCES TB_USER_ANALYSIS_SUMMARY(USER_SUMMARY_ID) ON DELETE SET NULL
);

COMMENT ON TABLE TB_CONTENTS IS 'AI 추천 콘텐츠';
COMMENT ON COLUMN TB_CONTENTS.CONTENT_ID IS '콘텐츠 고유 ID';
COMMENT ON COLUMN TB_CONTENTS.USER_ID IS '사용자 ID (TB_USERS.USER_ID, 맞춤형 추천일 경우)';
COMMENT ON COLUMN TB_CONTENTS.GUIDANCE_TYPE_ID IS '가이드 유형 ID (TB_GUIDANCE_TYPES.GUIDANCE_TYPE_ID)';
COMMENT ON COLUMN TB_CONTENTS.USER_SUMMARY_ID IS '사용자 분석 요약 ID (TB_USER_ANALYSIS_SUMMARY.USER_SUMMARY_ID)';
COMMENT ON COLUMN TB_CONTENTS.TITLE IS '콘텐츠 제목';
COMMENT ON COLUMN TB_CONTENTS.URL IS '콘텐츠 URL (YouTube 등)';
COMMENT ON COLUMN TB_CONTENTS.SOURCE IS '콘텐츠 출처(YouTube, Pixabay 등)';

-- 32. TB_QUEST_RECOMMENDATIONS
CREATE TABLE TB_QUEST_RECOMMENDATIONS (
                                          RECOMMEND_ID   NUMBER(19) PRIMARY KEY,         -- 추천 퀘스트 고유 ID
                                          TITLE          VARCHAR2(100) NOT NULL,         -- 퀘스트 제목
                                          DESCRIPTION    VARCHAR2(1000),                 -- 퀘스트 설명
                                          DURATION       NUMBER(5),                   -- 권장 소요 시간
                                          REWARD         NUMBER(5),                   -- 보상 정보
                                          CREATED_AT     DATE DEFAULT SYSDATE            -- 생성일시
);

COMMENT ON TABLE TB_QUEST_RECOMMENDATIONS IS '추천 퀘스트 마스터';
COMMENT ON COLUMN TB_QUEST_RECOMMENDATIONS.RECOMMEND_ID IS '추천 퀘스트 고유 ID';
COMMENT ON COLUMN TB_QUEST_RECOMMENDATIONS.TITLE IS '추천 퀘스트 제목';
COMMENT ON COLUMN TB_QUEST_RECOMMENDATIONS.DESCRIPTION IS '추천 퀘스트 설명';
COMMENT ON COLUMN TB_QUEST_RECOMMENDATIONS.DURATION IS '권장 소요 시간';
COMMENT ON COLUMN TB_QUEST_RECOMMENDATIONS.REWARD IS '보상 정보';
COMMENT ON COLUMN TB_QUEST_RECOMMENDATIONS.CREATED_AT IS '생성일시';

-- 33. TB_EMOTION_QUEST_RECOMM
CREATE TABLE TB_EMOTION_QUEST_RECOMM (
                                         EMOTION_ID     NUMBER(19) NOT NULL,            -- 감정 ID (TB_EMOTIONS 참조)
                                         RECOMMEND_ID   NUMBER(19) NOT NULL,            -- 추천 퀘스트 ID (TB_QUEST_RECOMMENDATIONS 참조)
                                         PRIORITY       NUMBER(3) DEFAULT 1,            -- 우선순위(선택)
                                         CONSTRAINT PK_EMOTION_QUEST_RECOMM PRIMARY KEY (EMOTION_ID, RECOMMEND_ID),
                                         CONSTRAINT FK_EQR_EMOTION FOREIGN KEY (EMOTION_ID) REFERENCES TB_EMOTIONS(EMOTION_ID) ON DELETE CASCADE,
                                         CONSTRAINT FK_EQR_RECOMM FOREIGN KEY (RECOMMEND_ID) REFERENCES TB_QUEST_RECOMMENDATIONS(RECOMMEND_ID) ON DELETE CASCADE
);

COMMENT ON TABLE TB_EMOTION_QUEST_RECOMM IS '감정별 추천 퀘스트 매핑';
COMMENT ON COLUMN TB_EMOTION_QUEST_RECOMM.EMOTION_ID IS '감정 ID';
COMMENT ON COLUMN TB_EMOTION_QUEST_RECOMM.RECOMMEND_ID IS '추천 퀘스트 ID';
COMMENT ON COLUMN TB_EMOTION_QUEST_RECOMM.PRIORITY IS '추천 우선순위';

-- 34. TB_CONTENT_RECOMMENDATIONS (유튜브 추천 컨텐츠 마스터)
CREATE TABLE TB_CONTENT_RECOMMENDATIONS (
                                            CONTENT_ID     NUMBER(19) PRIMARY KEY,         -- 컨텐츠 고유 ID
                                            YOUTUBE_ID     VARCHAR2(20) NOT NULL UNIQUE,   -- 유튜브 영상 ID (예: 2OEL4P1Rz04)
                                            THEME          VARCHAR2(50),                   -- 테마
                                            TITLE          VARCHAR2(200),                  -- 유튜브 영상 제목 (자동 업데이트)
                                            DESCRIPTION    VARCHAR2(2000),                 -- 유튜브 영상 설명 (자동 업데이트)
                                            THUMBNAIL_URL  VARCHAR2(500),                  -- 썸네일 URL (자동 업데이트)
                                            DURATION       VARCHAR2(10),                   -- 재생 시간 (자동 업데이트, 예: PT1H2M30S)
                                            VIEW_COUNT     NUMBER(19),                     -- 조회수 (자동 업데이트)
                                            PUBLISHED_AT   DATE,                           -- 업로드 날짜 (자동 업데이트)
                                            IS_ACTIVE      NUMBER(1) DEFAULT 1,            -- 활성화 여부 (1: 활성, 0: 비활성)
                                            CREATED_AT     DATE DEFAULT SYSDATE,           -- 생성일시
                                            UPDATED_AT     DATE DEFAULT SYSDATE            -- 수정일시
);

COMMENT ON TABLE TB_CONTENT_RECOMMENDATIONS IS '유튜브 추천 컨텐츠 마스터';
COMMENT ON COLUMN TB_CONTENT_RECOMMENDATIONS.CONTENT_ID IS '컨텐츠 고유 ID';
COMMENT ON COLUMN TB_CONTENT_RECOMMENDATIONS.YOUTUBE_ID IS '유튜브 영상 ID';
COMMENT ON COLUMN TB_CONTENT_RECOMMENDATIONS.THEME IS '테마';
COMMENT ON COLUMN TB_CONTENT_RECOMMENDATIONS.TITLE IS '유튜브 영상 제목 (자동 업데이트)';
COMMENT ON COLUMN TB_CONTENT_RECOMMENDATIONS.DESCRIPTION IS '유튜브 영상 설명 (자동 업데이트)';
COMMENT ON COLUMN TB_CONTENT_RECOMMENDATIONS.THUMBNAIL_URL IS '썸네일 URL (자동 업데이트)';
COMMENT ON COLUMN TB_CONTENT_RECOMMENDATIONS.DURATION IS '재생 시간 (자동 업데이트)';
COMMENT ON COLUMN TB_CONTENT_RECOMMENDATIONS.VIEW_COUNT IS '조회수 (자동 업데이트)';
COMMENT ON COLUMN TB_CONTENT_RECOMMENDATIONS.PUBLISHED_AT IS '업로드 날짜 (자동 업데이트)';
COMMENT ON COLUMN TB_CONTENT_RECOMMENDATIONS.IS_ACTIVE IS '활성화 여부';
COMMENT ON COLUMN TB_CONTENT_RECOMMENDATIONS.CREATED_AT IS '생성일시';
COMMENT ON COLUMN TB_CONTENT_RECOMMENDATIONS.UPDATED_AT IS '수정일시';

-- 35. TB_EMOTION_CONTENT_RECOMM (감정별 추천 컨텐츠 매핑)
CREATE TABLE TB_EMOTION_CONTENT_RECOMM (
                                           EMOTION_ID     NUMBER(19) NOT NULL,            -- 감정 ID (TB_EMOTIONS 참조)
                                           CONTENT_ID     NUMBER(19) NOT NULL,            -- 컨텐츠 ID (TB_CONTENT_RECOMMENDATIONS 참조)
                                           PRIORITY       NUMBER(3) DEFAULT 1,            -- 우선순위
                                           CONSTRAINT PK_EMOTION_CONTENT_RECOMM PRIMARY KEY (EMOTION_ID, CONTENT_ID),
                                           CONSTRAINT FK_ECR_EMOTION FOREIGN KEY (EMOTION_ID) REFERENCES TB_EMOTIONS(EMOTION_ID) ON DELETE CASCADE,
                                           CONSTRAINT FK_ECR_CONTENT FOREIGN KEY (CONTENT_ID) REFERENCES TB_CONTENT_RECOMMENDATIONS(CONTENT_ID) ON DELETE CASCADE
);

COMMENT ON TABLE TB_EMOTION_CONTENT_RECOMM IS '감정별 추천 컨텐츠 매핑';
COMMENT ON COLUMN TB_EMOTION_CONTENT_RECOMM.EMOTION_ID IS '감정 ID';
COMMENT ON COLUMN TB_EMOTION_CONTENT_RECOMM.CONTENT_ID IS '컨텐츠 ID';
COMMENT ON COLUMN TB_EMOTION_CONTENT_RECOMM.PRIORITY IS '추천 우선순위';

-- 트리거
-- 1. 생성/수정 시간 자동처리
--(250715 신선혜 : 주석처리함. 샘플데이터 삽입 시 sysdate 조건으로 인해 데이터 날짜가 정상적으로 삽입 안됨  )
/*
-- 1. TRG_COMMENT_TIME
CREATE OR REPLACE TRIGGER TRG_COMMENT_TIME
BEFORE INSERT OR UPDATE ON TB_COMMENTS
                                                                            FOR EACH ROW
BEGIN
  IF INSERTING THEN
    :NEW.CREATED_AT := SYSDATE;
  ELSIF UPDATING THEN
    :NEW.CREATED_AT := NVL(:OLD.CREATED_AT, SYSDATE);
END IF;
END;
/

-- 2. TRG_NOTICE_TIME (변경 없음)
CREATE OR REPLACE TRIGGER TRG_NOTICE_TIME
BEFORE INSERT OR UPDATE ON TB_NOTICES
                            FOR EACH ROW
BEGIN
  IF INSERTING THEN
    :NEW.NOTICE_DATE := SYSDATE;
--    :NEW.UPDATED_AT := NULL;
  ELSIF UPDATING THEN
    :NEW.NOTICE_DATE := NVL(:OLD.NOTICE_DATE, SYSDATE);
--    :NEW.UPDATED_AT := SYSDATE;
END IF;
END;
/

-- 3. TRG_INQUIRIES_TIME (변경 없음)
CREATE OR REPLACE TRIGGER TRG_INQUIRIES_TIME
BEFORE INSERT OR UPDATE ON TB_INQUIRIES
                            FOR EACH ROW
BEGIN
  IF INSERTING THEN
    :NEW.CREATED_AT := SYSDATE;
  ELSIF UPDATING THEN
    :NEW.CREATED_AT := NVL(:OLD.CREATED_AT, SYSDATE);
END IF;
END;
/
*/

-- 4. TRG_USER_UPDATE_AUDIT
--CREATE OR REPLACE TRIGGER TRG_USER_UPDATE_AUDIT
--AFTER UPDATE ON TB_USERS
--FOR EACH ROW
--BEGIN
--  IF (:OLD.USER_PWD != :NEW.USER_PWD OR
--      (:OLD.USER_PWD IS NULL AND :NEW.USER_PWD IS NOT NULL) OR
--      (:OLD.USER_PWD IS NOT NULL AND :NEW.USER_PWD IS NULL) OR
--      :OLD.STATUS != :NEW.STATUS OR
--      (:OLD.STATUS IS NULL AND :NEW.STATUS IS NOT NULL) OR
--      (:OLD.STATUS IS NOT NULL AND :NEW.STATUS IS NULL)) THEN
--    INSERT INTO TB_SYSTEM_LOGS (
--      LOG_ID,
--      USER_ID,
--      ACTION,
--      BEFORE_DATA,
--      AFTER_DATA,
--      CREATED_AT
--    ) VALUES (
--      SEQ_SYSTEM_LOGS_LOG_ID.NEXTVAL,
--      :NEW.USER_ID,
--      'USER UPDATE',
--      'PWD: ' || NVL(:OLD.USER_PWD, 'NULL') || ', STATUS: ' || NVL(:OLD.STATUS, 'NULL'),
--      'PWD: ' || NVL(:NEW.USER_PWD, 'NULL') || ', STATUS: ' || NVL(:NEW.STATUS, 'NULL'),
--      SYSDATE
--    );
--  END IF;
--END;
--/

---- 5. TRG_FEEDBACK_COMPLETION_REWARD
--CREATE OR REPLACE TRIGGER TRG_FEEDBACK_COMPLETION_REWARD
--AFTER UPDATE ON TB_FEEDBACK_RECOMMENDATIONS
--                 FOR EACH ROW
--                 WHEN (NEW.IS_COMPLETED = 1 AND OLD.IS_COMPLETED = 0)
--DECLARE
--v_points_reward NUMBER := 0;
--  v_reward_type VARCHAR2(20);
--  v_user_exists NUMBER;
--  v_current_points NUMBER;
--  v_current_level NUMBER;
--  v_threshold NUMBER;
--BEGIN
--  -- REWARD_ID가 NULL이면 처리 중단
--  IF :NEW.REWARD_ID IS NULL THEN
--    RETURN;
--END IF;
--
----  -- TB_QUEST_REWARDS에서 보상 정보 조회
----BEGIN
----SELECT NVL(POINTS_REWARD, 0), REWARD_TYPE
----INTO v_points_reward, v_reward_type
----FROM TB_QUEST_REWARDS
----WHERE REWARD_ID = :NEW.REWARD_ID;
----EXCEPTION
----    WHEN NO_DATA_FOUND THEN
----      RETURN;
----END;
--
----  -- TB_USER_POINTS 레코드 존재 여부 확인
----SELECT COUNT(*)
----INTO v_user_exists
----FROM TB_USER_POINTS
----WHERE USER_ID = :NEW.USER_ID;
----
------ 동시성 제어를 위해 TB_USER_POINTS 잠금
----IF v_user_exists = 0 THEN
----    INSERT INTO TB_USER_POINTS (USER_ID, POINTS)
----    VALUES (:NEW.USER_ID, v_points_reward, 1, 100);
----ELSE
----UPDATE TB_USER_POINTS
----SET POINTS = POINTS + v_points_reward
----WHERE USER_ID = :NEW.USER_ID;
--
------ 레벨 승급 로직
----SELECT POINTS, USER_LEVEL, LEVEL_POINTS_THRESHOLD
----INTO v_current_points, v_current_level, v_threshold
----FROM TB_USER_POINTS
----WHERE USER_ID = :NEW.USER_ID FOR UPDATE;
----
----IF v_current_points >= v_threshold THEN
----UPDATE TB_USER_POINTS
----SET USER_LEVEL = USER_LEVEL + 1,
----    LEVEL_POINTS_THRESHOLD = LEVEL_POINTS_THRESHOLD * 1.5
----WHERE USER_ID = :NEW.USER_ID;
----END IF;
----END IF;
--
----  -- TB_USER_REWARDS에 보상 기록
----INSERT INTO TB_USER_REWARDS (USER_REWARD_ID, USER_ID, REWARD_ID, IS_APPLIED)
----VALUES (SEQ_USER_REWARDS_USER_REWARD_ID.NEXTVAL, :NEW.USER_ID, :NEW.REWARD_ID,
----        CASE WHEN v_reward_type = 'TITLE' THEN 1 ELSE 0 END);
----EXCEPTION
----  WHEN DUP_VAL_ON_INDEX THEN
----    NULL; -- UK_USER_REWARD 제약 위반 무시
----WHEN OTHERS THEN
----    RAISE_APPLICATION_ERROR(-20001, 'Error in reward processing: ' || SQLERRM);
----END;



-- 6. 결과 입력 시 사용자 요약 정보 업데이트
-- CREATE OR REPLACE TRIGGER TRG_SIMULATION_RESULT_SUMMARY
-- AFTER INSERT ON TB_SIMULATION_RESULT
-- FOR EACH ROW
-- BEGIN
--   UPDATE TB_USER_ANALYSIS_SUMMARY
--   SET RESULT_ID = :NEW.RESULT_ID,
--       LAST_UPDATED = SYSDATE
--   WHERE USER_ID = (
--     SELECT USER_ID FROM TB_SIMULATION_SETTING WHERE SETTING_ID = :NEW.SETTING_ID
--   );
-- END;
-- /


-- 샘플 데이터

-- TB_USERS
INSERT INTO TB_USERS (USER_ID, PHONE, USER_PWD, USERNAME, PROFILE_IMAGE, CREATED_AT, UPDATED_AT, STATUS, ADMIN_YN)
VALUES ('user001', '010-1234-5678', '$2a$10$N.zmdr9k7uOCQb376NoUnuTJ8iAt6Z5EHsM8lE9lBOsl7iKTVEFDa', '홍길동', null, SYSDATE, NULL, 1, 'Y');

INSERT INTO TB_USERS (USER_ID, PHONE, USER_PWD, USERNAME, PROFILE_IMAGE, CREATED_AT, UPDATED_AT, STATUS, ADMIN_YN)
VALUES ('user002', '010-1235-5679', '$2a$10$N.zmdr9k7uOCQb376NoUnuTJ8iAt6Z5EHsM8lE9lBOsl7iKTVEFDa', '홍길순', null, SYSDATE, NULL, 1, 'N');

-- NOTICES
INSERT INTO TB_NOTICES (NOTICE_NO, TITLE, USER_ID, CONTENT, READCOUNT, ORIGINAL_FILEPATH, RENAME_FILEPATH, IMPORTANCE, IMP_END_DATE, NOTICE_DATE)
VALUES (1, '시스템 점검 안내', 'user001', '2025년 7월 18일 00:00 ~ 04:00 시스템 점검이 예정되어 있습니다. 이용에 참고 바랍니다.', 15, NULL, NULL, 'Y', TO_DATE('2025-07-18', 'YYYY-MM-DD'), TO_DATE('2025-07-10', 'YYYY-MM-DD'));

INSERT INTO TB_NOTICES (NOTICE_NO, TITLE, USER_ID, CONTENT, READCOUNT, ORIGINAL_FILEPATH, RENAME_FILEPATH, IMPORTANCE, IMP_END_DATE, NOTICE_DATE)
VALUES (2, '신규 기능 업데이트 안내', 'user001', '금일자로 심리 분석 결과에 대한 시각화 기능이 새롭게 적용되었습니다.', 8, NULL, NULL, 'N', NULL, TO_DATE('2025-07-14', 'YYYY-MM-DD'));

-- TB_USER_REWARDS
INSERT INTO TB_USER_REWARDS (USER_REWARD_ID, USER_ID, REWARD_ID, ACQUIRED_AT, IS_APPLIED, IS_EQUIPPED)
VALUES (1, 'user001', 1, TO_DATE('2024-06-01 10:00:00', 'YYYY-MM-DD HH24:MI:SS'), 1, 1);

INSERT INTO TB_USER_REWARDS (USER_REWARD_ID, USER_ID, REWARD_ID, ACQUIRED_AT, IS_APPLIED, IS_EQUIPPED)
VALUES (2, 'user001', 2, TO_DATE('2024-06-02 11:00:00', 'YYYY-MM-DD HH24:MI:SS'), 0, 0);

INSERT INTO TB_USER_REWARDS (USER_REWARD_ID, USER_ID, REWARD_ID, ACQUIRED_AT, IS_APPLIED, IS_EQUIPPED)
VALUES (3, 'user002', 1, TO_DATE('2024-06-03 09:30:00', 'YYYY-MM-DD HH24:MI:SS'), 0, 0);

INSERT INTO TB_USER_REWARDS (USER_REWARD_ID, USER_ID, REWARD_ID, ACQUIRED_AT, IS_APPLIED, IS_EQUIPPED)
VALUES (4, 'user002', 3, TO_DATE('2024-06-04 14:20:00', 'YYYY-MM-DD HH24:MI:SS'), 1, 1);


--(250717 신선혜 :  INSERT 데이터 추가 )
--INQUIRIES
-- 1. CLOSED
INSERT INTO TB_INQUIRIES (INQUIRY_ID, USER_ID, TITLE, CATEGORY, CONTENT, STATUS, CREATED_AT, LAST_ACTIVITY_AT)
VALUES (1, 'user002', '비밀번호를 잊어버렸어요', '계정관리', '비밀번호를 잊어버렸는데 어떻게 해야 하나요?', 'CLOSED', TO_DATE('2025-03-15', 'YYYY-MM-DD'), TO_DATE('2025-03-15', 'YYYY-MM-DD'));

-- 2. CLOSED
INSERT INTO TB_INQUIRIES (INQUIRY_ID, USER_ID, TITLE, CATEGORY, CONTENT, STATUS, CREATED_AT, LAST_ACTIVITY_AT)
VALUES (2, 'user002', '다크모드가 있었으면 좋겠어요', '기타', '밤에 사용할 때 눈이 아파서 다크모드가 있었으면 좋겠습니다.', 'CLOSED', TO_DATE('2025-04-16', 'YYYY-MM-DD'), TO_DATE('2025-04-17', 'YYYY-MM-DD'));

-- 3. ANSWERED
INSERT INTO TB_INQUIRIES (INQUIRY_ID, USER_ID, TITLE, CATEGORY, CONTENT, STATUS, CREATED_AT, LAST_ACTIVITY_AT)
VALUES (3, 'user002', '상담 내역은 어디서 확인할 수 있나요?', '서비스이용', '챗봇과 나눈 상담 내용을 나중에 다시 볼 수 있나요?', 'ANSWERED', TO_DATE('2025-05-21', 'YYYY-MM-DD'), TO_DATE('2025-05-21', 'YYYY-MM-DD'));

-- 4. PENDING
INSERT INTO TB_INQUIRIES (INQUIRY_ID, USER_ID, TITLE, CATEGORY, CONTENT, STATUS, CREATED_AT, LAST_ACTIVITY_AT)
VALUES (4, 'user002', '아이디 바꾸고 싶어요', '계정관리', '회원 가입할 때 등록한 아이디를 변경할 수 있나요?', 'PENDING', TO_DATE('2025-06-02', 'YYYY-MM-DD'), TO_DATE('2025-06-04', 'YYYY-MM-DD'));

-- 5. PENDING
INSERT INTO TB_INQUIRIES (INQUIRY_ID, USER_ID, TITLE, CATEGORY, CONTENT, STATUS, CREATED_AT, LAST_ACTIVITY_AT)
VALUES (5, 'user002', '챗봇이 중간에 멈춰요', '기술지원', '챗봇이 대답하다가 갑자기 멈춥니다. 해결 방법이 있을까요?', 'PENDING', TO_DATE('2025-07-15', 'YYYY-MM-DD'), TO_DATE('2025-07-16', 'YYYY-MM-DD'));
commit;


--(250717 신선혜 :  INSERT 데이터 추가 )
--COMMENTS
-- 문의 1번(CLOSED) - 답변 있음
INSERT INTO TB_COMMENTS (COMMENT_ID, INQUIRY_ID, USER_ID, CONTENT, CREATED_AT)
VALUES (1, 1, 'user001', '비밀번호 찾기는 로그인 화면에서 "비밀번호 찾기" 버튼을 눌러주세요.', TO_DATE('2025-03-15', 'YYYY-MM-DD'));

-- 문의 2번(CLOSED) - 답변 있음 + 추가 댓글
INSERT INTO TB_COMMENTS (COMMENT_ID, INQUIRY_ID, USER_ID, CONTENT, CREATED_AT)
VALUES (2, 2, 'user001', '다크모드는 현재 준비 중이며 곧 업데이트 예정입니다.', TO_DATE('2025-04-17', 'YYYY-MM-DD'));

INSERT INTO TB_COMMENTS (COMMENT_ID, INQUIRY_ID, USER_ID, CONTENT, CREATED_AT)
VALUES (3, 2, 'user002', '빠른 반영 부탁드립니다.', TO_DATE('2025-04-17', 'YYYY-MM-DD'));

-- 문의 3번(ANSWERED) - 답변만 있음
INSERT INTO TB_COMMENTS (COMMENT_ID, INQUIRY_ID, USER_ID, CONTENT, CREATED_AT)
VALUES (4, 3, 'user001', '상담 내역은 상담 > 우측에 있는 상담기록 메뉴에서 확인하실 수 있습니다.', TO_DATE('2025-05-21', 'YYYY-MM-DD'));

-- 문의 4번(PENDING) - 댓글 진행 중
INSERT INTO TB_COMMENTS (COMMENT_ID, INQUIRY_ID, USER_ID, CONTENT, CREATED_AT)
VALUES (5, 4, 'user001', '현재로선 아이디 변경은 어렵습니다. 이 점 양해 부탁드립니다.', TO_DATE('2025-06-02', 'YYYY-MM-DD'));

INSERT INTO TB_COMMENTS (COMMENT_ID, INQUIRY_ID, USER_ID, CONTENT, CREATED_AT)
VALUES (6, 4, 'user002', '좀 더 멋진 아이디로 바꾸고 싶어요 ㅠㅠ.', TO_DATE('2025-06-04', 'YYYY-MM-DD'));

-- 문의 5번(PENDING) - 댓글 진행 중 (대댓글 포함)
INSERT INTO TB_COMMENTS (COMMENT_ID, INQUIRY_ID, USER_ID, CONTENT, CREATED_AT)
VALUES (7, 5, 'user001', '정확한 증상 확인을 위해 어떤 상황에서 챗봇이 멈추는지 자세히 알려주실 수 있나요?', TO_DATE('2025-07-16', 'YYYY-MM-DD'));

INSERT INTO TB_COMMENTS (COMMENT_ID, INQUIRY_ID, USER_ID, CONTENT, CREATED_AT)
VALUES (8, 5, 'user002', '같은 질문을 여러 번 입력하면 챗봇이 동일한 답변만 반복해서 출력합니다. 예를 들어 "우울해요"라고 세 번 입력하면 같은 문장만 계속 나옵니다.', TO_DATE('2025-07-16', 'YYYY-MM-DD'));

-- BCrypt 해싱된 비밀번호로 업데이트 (123456 -> BCrypt 해싱)
UPDATE TB_USERS SET USER_PWD = '$2a$10$N.zmdr9k7uOCQb376NoUnuTJ8iAt6Z5EHsM8lE9lBOsl7iKTVEFDa' WHERE USER_ID = 'user002';


UPDATE TB_USERS SET USER_PWD = '123456' WHERE USER_ID = 'user001';
UPDATE TB_USERS SET USER_PWD = '654321' WHERE USER_ID = 'user002';

-- TB_QUEST 샘플 데이터
-- user001의 퀘스트들
INSERT INTO TB_QUEST (QUEST_ID, USER_ID, QUEST_NAME, QUEST_POINTS, IS_COMPLETED, CREATED_AT)
VALUES (SEQ_QUEST_QUEST_ID.NEXTVAL, 'user001', '일일 감정 기록하기', 10, 1, TO_DATE('2025-01-15', 'YYYY-MM-DD'));

INSERT INTO TB_QUEST (QUEST_ID, USER_ID, QUEST_NAME, QUEST_POINTS, IS_COMPLETED, CREATED_AT)
VALUES (SEQ_QUEST_QUEST_ID.NEXTVAL, 'user001', '심리 테스트 완료하기', 15, 1, TO_DATE('2025-01-16', 'YYYY-MM-DD'));

INSERT INTO TB_QUEST (QUEST_ID, USER_ID, QUEST_NAME, QUEST_POINTS, IS_COMPLETED, CREATED_AT)
VALUES (SEQ_QUEST_QUEST_ID.NEXTVAL, 'user001', '상담 세션 참여하기', 20, 0, TO_DATE('2025-01-17', 'YYYY-MM-DD'));

INSERT INTO TB_QUEST (QUEST_ID, USER_ID, QUEST_NAME, QUEST_POINTS, IS_COMPLETED, CREATED_AT)
VALUES (SEQ_QUEST_QUEST_ID.NEXTVAL, 'user001', '콘텐츠 읽기', 5, 0, TO_DATE('2025-01-18', 'YYYY-MM-DD'));

-- user002의 퀘스트들
INSERT INTO TB_QUEST (QUEST_ID, USER_ID, QUEST_NAME, QUEST_POINTS, IS_COMPLETED, CREATED_AT)
VALUES (SEQ_QUEST_QUEST_ID.NEXTVAL, 'user002', '프로필 설정하기', 5, 1, TO_DATE('2025-01-10', 'YYYY-MM-DD'));

INSERT INTO TB_QUEST (QUEST_ID, USER_ID, QUEST_NAME, QUEST_POINTS, IS_COMPLETED, CREATED_AT)
VALUES (SEQ_QUEST_QUEST_ID.NEXTVAL, 'user002', '첫 상담 시작하기', 25, 1, TO_DATE('2025-01-11', 'YYYY-MM-DD'));

INSERT INTO TB_QUEST (QUEST_ID, USER_ID, QUEST_NAME, QUEST_POINTS, IS_COMPLETED, CREATED_AT)
VALUES (SEQ_QUEST_QUEST_ID.NEXTVAL, 'user002', '감정 분석 리포트 확인하기', 15, 0, TO_DATE('2025-01-12', 'YYYY-MM-DD'));

INSERT INTO TB_QUEST (QUEST_ID, USER_ID, QUEST_NAME, QUEST_POINTS, IS_COMPLETED, CREATED_AT)
VALUES (SEQ_QUEST_QUEST_ID.NEXTVAL, 'user002', '시뮬레이션 테스트 완료하기', 30, 1, TO_DATE('2025-07-16', 'YYYY-MM-DD'));

INSERT INTO TB_QUEST (QUEST_ID, USER_ID, QUEST_NAME, QUEST_POINTS, IS_COMPLETED, CREATED_AT)
VALUES (SEQ_QUEST_QUEST_ID.NEXTVAL, 'user002', '일일 퀘스트 3개 완료하기', 20, 1, TO_DATE('2025-07-17', 'YYYY-MM-DD'));


-- user002를 위한 상담 샘플 데이터 추가 (AI 상담 로직 고려)
-- 1. TB_COUNSELING_SESSIONS에 새로운 세션 추가
INSERT INTO TB_COUNSELING_SESSIONS (SESSION_ID, USER_ID, TOPIC, METHOD, START_TIME, CREATED_AT)
VALUES (SEQ_COUNSELING_SESSIONS_SESSION_ID.NEXTVAL, 'user002', 'AI 심리 상담 - 스트레스와 감정'
       , 'TEXT', SYSDATE, SYSDATE);

-- 2. TB_COUNSELING_MESSAGES에 메시지 추가 (가장 최근에 생성된 user002의 세션 ID 사용)
-- AI 첫 번째 질문
INSERT INTO TB_COUNSELING_MESSAGES (MESSAGE_ID, SESSION_ID, SENDER, MESSAGE_TYPE,
                                    MESSAGE_CONTENT, MESSAGE_TIME, CREATED_AT)
VALUES (SEQ_COUNSELING_MESSAGES_MESSAGE_ID.NEXTVAL, (SELECT MAX(SESSION_ID) FROM
    TB_COUNSELING_SESSIONS WHERE USER_ID = 'user002'), 'BOT', 'TEXT', '안녕하세요. 오늘 어떤 일이
  있었나요? 편하게 이야기해주세요.', SYSDATE, SYSDATE);

-- 사용자 답변 1
INSERT INTO TB_COUNSELING_MESSAGES (MESSAGE_ID, SESSION_ID, SENDER, MESSAGE_TYPE,
                                    MESSAGE_CONTENT, MESSAGE_TIME, CREATED_AT)
VALUES (SEQ_COUNSELING_MESSAGES_MESSAGE_ID.NEXTVAL, (SELECT MAX(SESSION_ID) FROM
    TB_COUNSELING_SESSIONS WHERE USER_ID = 'user002'), 'USER', 'TEXT', '요즘 직장에서 스트레스가
  너무 심해서 잠도 잘 못 자고 있어요.', SYSDATE + INTERVAL '1' MINUTE, SYSDATE + INTERVAL '1'
    MINUTE);

-- AI 두 번째 질문
INSERT INTO TB_COUNSELING_MESSAGES (MESSAGE_ID, SESSION_ID, SENDER, MESSAGE_TYPE,
                                    MESSAGE_CONTENT, MESSAGE_TIME, CREATED_AT)
VALUES (SEQ_COUNSELING_MESSAGES_MESSAGE_ID.NEXTVAL, (SELECT MAX(SESSION_ID) FROM
    TB_COUNSELING_SESSIONS WHERE USER_ID = 'user002'), 'BOT', 'TEXT', '직장에서의 스트레스로 인해
  수면에도 어려움을 겪고 계시는군요. 그 일로 인해 어떤 감정을 느끼셨나요? 자세히 설명해주실 수
  있나요?', SYSDATE + INTERVAL '2' MINUTE, SYSDATE + INTERVAL '2' MINUTE);

-- 사용자 답변 2
INSERT INTO TB_COUNSELING_MESSAGES (MESSAGE_ID, SESSION_ID, SENDER, MESSAGE_TYPE,
                                    MESSAGE_CONTENT, MESSAGE_TIME, CREATED_AT)
VALUES (SEQ_COUNSELING_MESSAGES_MESSAGE_ID.NEXTVAL, (SELECT MAX(SESSION_ID) FROM
    TB_COUNSELING_SESSIONS WHERE USER_ID = 'user002'), 'USER', 'TEXT', '무기력하고, 모든 일에
  의욕이 없어요. 가끔은 아무것도 하고 싶지 않다는 생각도 들어요.', SYSDATE + INTERVAL '3' MINUTE,
        SYSDATE + INTERVAL '3' MINUTE);

-- AI 세 번째 질문
INSERT INTO TB_COUNSELING_MESSAGES (MESSAGE_ID, SESSION_ID, SENDER, MESSAGE_TYPE,
                                    MESSAGE_CONTENT, MESSAGE_TIME, CREATED_AT)
VALUES (SEQ_COUNSELING_MESSAGES_MESSAGE_ID.NEXTVAL, (SELECT MAX(SESSION_ID) FROM
    TB_COUNSELING_SESSIONS WHERE USER_ID = 'user002'), 'BOT', 'TEXT', '무기력함과 의욕 상실감을
  느끼시는군요. 그런 감정이 들 때, 보통 어떻게 행동하는 편인가요?', SYSDATE + INTERVAL '4' MINUTE
       , SYSDATE + INTERVAL '4' MINUTE);

-- 사용자 답변 3
INSERT INTO TB_COUNSELING_MESSAGES (MESSAGE_ID, SESSION_ID, SENDER, MESSAGE_TYPE,
                                    MESSAGE_CONTENT, MESSAGE_TIME, CREATED_AT)
VALUES (SEQ_COUNSELING_MESSAGES_MESSAGE_ID.NEXTVAL, (SELECT MAX(SESSION_ID) FROM
    TB_COUNSELING_SESSIONS WHERE USER_ID = 'user002'), 'USER', 'TEXT', '주로 혼자 있으려고 하고,
  사람들과의 연락도 피하게 돼요.', SYSDATE + INTERVAL '5' MINUTE, SYSDATE + INTERVAL '5' MINUTE);

-- AI 네 번째 질문 (마지막 질문)
INSERT INTO TB_COUNSELING_MESSAGES (MESSAGE_ID, SESSION_ID, SENDER, MESSAGE_TYPE,
                                    MESSAGE_CONTENT, MESSAGE_TIME, CREATED_AT)
VALUES (SEQ_COUNSELING_MESSAGES_MESSAGE_ID.NEXTVAL, (SELECT MAX(SESSION_ID) FROM
    TB_COUNSELING_SESSIONS WHERE USER_ID = 'user002'), 'BOT', 'TEXT', '혼자만의 시간을 가지며
  사람들과의 교류를 피하게 되시는군요. 마지막으로, 지금 가장 하고 싶은 말이 있다면 자유롭게
  이야기해주세요.', SYSDATE + INTERVAL '6' MINUTE, SYSDATE + INTERVAL '6' MINUTE);

-- 사용자 답변 4
INSERT INTO TB_COUNSELING_MESSAGES (MESSAGE_ID, SESSION_ID, SENDER, MESSAGE_TYPE,
                                    MESSAGE_CONTENT, MESSAGE_TIME, CREATED_AT)
VALUES (SEQ_COUNSELING_MESSAGES_MESSAGE_ID.NEXTVAL, (SELECT MAX(SESSION_ID) FROM
    TB_COUNSELING_SESSIONS WHERE USER_ID = 'user002'), 'USER', 'TEXT', '이 상황에서 벗어나고 싶은데
  어떻게 해야 할지 모르겠어요. 너무 답답해요.', SYSDATE + INTERVAL '7' MINUTE, SYSDATE + INTERVAL
    '7' MINUTE);

-- AI 최종 분석 예고 및 심리 검사 안내 (PROCEED_TO_TEST 토큰 포함)
INSERT INTO TB_COUNSELING_MESSAGES (MESSAGE_ID, SESSION_ID, SENDER, MESSAGE_TYPE,
                                    MESSAGE_CONTENT, MESSAGE_TIME, CREATED_AT)
VALUES (SEQ_COUNSELING_MESSAGES_MESSAGE_ID.NEXTVAL, (SELECT MAX(SESSION_ID) FROM
    TB_COUNSELING_SESSIONS WHERE USER_ID = 'user002'), 'BOT', 'TEXT', '지금까지의 대화 내용을 통해
  직장 스트레스로 인한 무기력감과 의욕 상실, 그리고 대인 관계 회피 경향을 겪고 계심을 알 수
  있었습니다. 이 상황에서 벗어나고 싶은 마음이 크시군요. 이제 더 깊이 있는 이해와 정확한 최종
  분석을 위해 심리 검사를 진행하겠습니다. [PROCEED_TO_TEST]', SYSDATE + INTERVAL '8' MINUTE,
        SYSDATE + INTERVAL '8' MINUTE);

-- TB_GUIDANCE_TYPES에 '감정 관리' GUIDANCE_TYPE이 없으면 추가
INSERT INTO TB_GUIDANCE_TYPES (GUIDANCE_TYPE_ID, GUIDANCE_TYPE_NAME, DESCRIPTION)
SELECT SEQ_GUIDANCE_TYPES_GUIDANCE_TYPE_ID.NEXTVAL, '감정 관리', '감정을 이해하고 조절하는 데
  도움을 주는 가이드'
FROM DUAL
WHERE NOT EXISTS (SELECT 1 FROM TB_GUIDANCE_TYPES WHERE GUIDANCE_TYPE_NAME = '감정 관리');

-- 3. TB_COUNSELING_ANALYSIS_SUMMARIES에 상담 분석 요약 추가 (상담의 최종 분석)
INSERT INTO TB_COUNSELING_ANALYSIS_SUMMARIES (SUMMARY_ID, SESSION_ID, SUMMARY_TYPE,
                                              GUIDANCE_TYPE_ID, SUMMARY_CONTENT, CREATED_AT)
VALUES (
           SEQ_COUNSELING_ANALYSIS_SUMMARIES_SUMMARY_ID.NEXTVAL,
           (SELECT MAX(SESSION_ID) FROM TB_COUNSELING_SESSIONS WHERE USER_ID = 'user002'),
           'TEXT',
           (SELECT GUIDANCE_TYPE_ID FROM TB_GUIDANCE_TYPES WHERE GUIDANCE_TYPE_NAME = '감정 관리'
            ORDER BY GUIDANCE_TYPE_ID DESC FETCH FIRST 1 ROW ONLY), -- '감정 관리' GUIDANCE_TYPE_ID 참조
           '사용자는 직장 스트레스(업무량 과다, 상사 관계 어려움)로 인해 무기력감, 의욕 상실, 수면
           장애, 사회적 회피 등의 증상을 겪고 있음. 현재 상황에서 벗어나고자 하는 강한 욕구를 보이나,
           구체적인 해결 방안을 찾지 못해 답답함을 느끼고 있음. AI는 사용자의 감정을 공감하며, 심리 검사를
           통해 더 심층적인 분석을 제안함.',
           SYSDATE + INTERVAL '9' MINUTE
       );

-- 추천 퀘스트 샘플 데이터
INSERT INTO TB_QUEST_RECOMMENDATIONS (RECOMMEND_ID, TITLE, DESCRIPTION, DURATION, REWARD)
VALUES (1, '스트레스 해소 명상', '오늘의 감정 기록을 분석한 결과, 스트레스 수준이 높습니다. 명상을 통해 마음의 평화를 찾아보세요.', '10', '20');

INSERT INTO TB_QUEST_RECOMMENDATIONS (RECOMMEND_ID, TITLE, DESCRIPTION, DURATION, REWARD)
VALUES (2, '기분 전환 산책', '최근 우울감이 증가하는 추세입니다. 가벼운 산책을 통해 기분을 전환해보세요.', '20', '25');

INSERT INTO TB_QUEST_RECOMMENDATIONS (RECOMMEND_ID, TITLE, DESCRIPTION, DURATION, REWARD)
VALUES (3, '감사 일기 작성', '오늘 하루 감사한 일들을 기록하며 긍정적인 마인드를 키워보세요.', '5', '15');

INSERT INTO TB_QUEST_RECOMMENDATIONS (RECOMMEND_ID, TITLE, DESCRIPTION, DURATION, REWARD)
VALUES (4, '따뜻한 차 한 잔', '진정 효과가 있는 허브차나 녹차를 마시며 잠시 휴식을 취해보세요.', '10', '20');

INSERT INTO TB_QUEST_RECOMMENDATIONS (RECOMMEND_ID, TITLE, DESCRIPTION, DURATION, REWARD)
VALUES (5, '긍정적 자기 대화', '거울을 보며 자신에게 긍정적인 말을 해보세요. 자존감 향상에 도움이 됩니다.', '5', '15');

INSERT INTO TB_QUEST_RECOMMENDATIONS (RECOMMEND_ID, TITLE, DESCRIPTION, DURATION, REWARD)
VALUES (6, '창가에서 햇살 쬐기', '자연광을 받으며 비타민 D를 보충하고 기분을 개선해보세요.', '15', '15');

INSERT INTO TB_QUEST_RECOMMENDATIONS (RECOMMEND_ID, TITLE, DESCRIPTION, DURATION, REWARD)
VALUES (7, '친구와 통화하기', '가까운 친구와 대화를 나누며 감정을 공유해보세요.', 30, 25);
INSERT INTO TB_QUEST_RECOMMENDATIONS (RECOMMEND_ID, TITLE, DESCRIPTION, DURATION, REWARD)
VALUES (8, '운동으로 에너지 충전', '가벼운 스트레칭이나 요가로 몸과 마음을 활기차게 만들어보세요.', 15, 20);
INSERT INTO TB_QUEST_RECOMMENDATIONS (RECOMMEND_ID, TITLE, DESCRIPTION, DURATION, REWARD)
VALUES (9, '좋아하는 음악 듣기', '좋아하는 음악을 들으며 기분을 전환하거나 마음을 진정시켜 보세요.', 10, 15);
INSERT INTO TB_QUEST_RECOMMENDATIONS (RECOMMEND_ID, TITLE, DESCRIPTION, DURATION, REWARD)
VALUES (10, '창의적 글쓰기', '자유롭게 글을 쓰며 생각과 감정을 정리해보세요.', 20, 20);
INSERT INTO TB_QUEST_RECOMMENDATIONS (RECOMMEND_ID, TITLE, DESCRIPTION, DURATION, REWARD)
VALUES (11, '자연 속에서 시간 보내기', '공원이나 숲에서 시간을 보내며 자연과 교감해보세요.', 30, 25);
INSERT INTO TB_QUEST_RECOMMENDATIONS (RECOMMEND_ID, TITLE, DESCRIPTION, DURATION, REWARD)
VALUES (12, '목표 설정하기', '작은 목표를 세우고 이를 달성하며 성취감을 느껴보세요.', 15, 20);
INSERT INTO TB_QUEST_RECOMMENDATIONS (RECOMMEND_ID, TITLE, DESCRIPTION, DURATION, REWARD)
VALUES (13, '깊은 호흡 연습', '심호흡을 통해 긴장을 완화하고 마음을 가라앉혀 보세요.', 5, 10);
INSERT INTO TB_QUEST_RECOMMENDATIONS (RECOMMEND_ID, TITLE, DESCRIPTION, DURATION, REWARD)
VALUES (14, '취미 활동 즐기기', '그림 그리기, 요리 등 좋아하는 취미를 즐겨보세요.', 30, 25);
INSERT INTO TB_QUEST_RECOMMENDATIONS (RECOMMEND_ID, TITLE, DESCRIPTION, DURATION, REWARD)
VALUES (15, '감정 일기 쓰기', '현재의 감정을 솔직히 기록하며 내면을 탐구해보세요.', 10, 15);
INSERT INTO TB_QUEST_RECOMMENDATIONS (RECOMMEND_ID, TITLE, DESCRIPTION, DURATION, REWARD)
VALUES (16, '자기 격려 메모 작성', '스스로에게 용기를 주는 메모를 작성해 보세요.', 5, 10);
INSERT INTO TB_QUEST_RECOMMENDATIONS (RECOMMEND_ID, TITLE, DESCRIPTION, DURATION, REWARD)
VALUES (17, '책 읽기', '좋아하는 책이나 가벼운 소설을 읽으며 마음을 채워보세요.', 20, 20);
INSERT INTO TB_QUEST_RECOMMENDATIONS (RECOMMEND_ID, TITLE, DESCRIPTION, DURATION, REWARD)
VALUES (18, '정리 정돈', '주변 환경을 정리하며 마음의 안정감을 찾아보세요.', 15, 15);

-- 행복(1)
INSERT INTO TB_EMOTION_QUEST_RECOMM (EMOTION_ID, RECOMMEND_ID, PRIORITY) VALUES (1, 3, 1); -- 감사 일기 작성
INSERT INTO TB_EMOTION_QUEST_RECOMM (EMOTION_ID, RECOMMEND_ID, PRIORITY) VALUES (1, 5, 2); -- 긍정적 자기 대화
INSERT INTO TB_EMOTION_QUEST_RECOMM (EMOTION_ID, RECOMMEND_ID, PRIORITY) VALUES (1, 7, 3); -- 친구와 통화하기
INSERT INTO TB_EMOTION_QUEST_RECOMM (EMOTION_ID, RECOMMEND_ID, PRIORITY) VALUES (1, 8, 4); -- 운동으로 에너지 충전
INSERT INTO TB_EMOTION_QUEST_RECOMM (EMOTION_ID, RECOMMEND_ID, PRIORITY) VALUES (1, 9, 5); -- 좋아하는 음악 듣기
INSERT INTO TB_EMOTION_QUEST_RECOMM (EMOTION_ID, RECOMMEND_ID, PRIORITY) VALUES (1, 11, 6); -- 자연 속에서 시간 보내기
INSERT INTO TB_EMOTION_QUEST_RECOMM (EMOTION_ID, RECOMMEND_ID, PRIORITY) VALUES (1, 14, 7); -- 취미 활동 즐기기
INSERT INTO TB_EMOTION_QUEST_RECOMM (EMOTION_ID, RECOMMEND_ID, PRIORITY) VALUES (1, 17, 8); -- 책 읽기
INSERT INTO TB_EMOTION_QUEST_RECOMM (EMOTION_ID, RECOMMEND_ID, PRIORITY) VALUES (1, 6, 9); -- 창가에서 햇살 쬐기
INSERT INTO TB_EMOTION_QUEST_RECOMM (EMOTION_ID, RECOMMEND_ID, PRIORITY) VALUES (1, 12, 10); -- 목표 설정하기

-- 슬픔(2)
INSERT INTO TB_EMOTION_QUEST_RECOMM (EMOTION_ID, RECOMMEND_ID, PRIORITY) VALUES (2, 2, 1); -- 산책
INSERT INTO TB_EMOTION_QUEST_RECOMM (EMOTION_ID, RECOMMEND_ID, PRIORITY) VALUES (2, 3, 2); -- 감사일기
INSERT INTO TB_EMOTION_QUEST_RECOMM (EMOTION_ID, RECOMMEND_ID, PRIORITY) VALUES (2, 1, 3); -- 명상
INSERT INTO TB_EMOTION_QUEST_RECOMM (EMOTION_ID, RECOMMEND_ID, PRIORITY) VALUES (2, 7, 4); -- 친구와 통화하기
INSERT INTO TB_EMOTION_QUEST_RECOMM (EMOTION_ID, RECOMMEND_ID, PRIORITY) VALUES (2, 9, 5); -- 좋아하는 음악 듣기
INSERT INTO TB_EMOTION_QUEST_RECOMM (EMOTION_ID, RECOMMEND_ID, PRIORITY) VALUES (2, 10, 6); -- 창의적 글쓰기
INSERT INTO TB_EMOTION_QUEST_RECOMM (EMOTION_ID, RECOMMEND_ID, PRIORITY) VALUES (2, 11, 7); -- 자연 속에서 시간 보내기
INSERT INTO TB_EMOTION_QUEST_RECOMM (EMOTION_ID, RECOMMEND_ID, PRIORITY) VALUES (2, 15, 8); -- 감정 일기 쓰기
INSERT INTO TB_EMOTION_QUEST_RECOMM (EMOTION_ID, RECOMMEND_ID, PRIORITY) VALUES (2, 17, 9); -- 책 읽기
INSERT INTO TB_EMOTION_QUEST_RECOMM (EMOTION_ID, RECOMMEND_ID, PRIORITY) VALUES (2, 4, 10); -- 따뜻한 차 한 잔

-- 화남(3)
INSERT INTO TB_EMOTION_QUEST_RECOMM (EMOTION_ID, RECOMMEND_ID, PRIORITY) VALUES (3, 1, 1); -- 명상
INSERT INTO TB_EMOTION_QUEST_RECOMM (EMOTION_ID, RECOMMEND_ID, PRIORITY) VALUES (3, 4, 2); -- 차 한 잔
INSERT INTO TB_EMOTION_QUEST_RECOMM (EMOTION_ID, RECOMMEND_ID, PRIORITY) VALUES (3, 8, 3); -- 운동으로 에너지 충전
INSERT INTO TB_EMOTION_QUEST_RECOMM (EMOTION_ID, RECOMMEND_ID, PRIORITY) VALUES (3, 10, 4); -- 창의적 글쓰기
INSERT INTO TB_EMOTION_QUEST_RECOMM (EMOTION_ID, RECOMMEND_ID, PRIORITY) VALUES (3, 11, 5); -- 자연 속에서 시간 보내기
INSERT INTO TB_EMOTION_QUEST_RECOMM (EMOTION_ID, RECOMMEND_ID, PRIORITY) VALUES (3, 13, 6); -- 깊은 호흡 연습
INSERT INTO TB_EMOTION_QUEST_RECOMM (EMOTION_ID, RECOMMEND_ID, PRIORITY) VALUES (3, 15, 7); -- 감정 일기 쓰기
INSERT INTO TB_EMOTION_QUEST_RECOMM (EMOTION_ID, RECOMMEND_ID, PRIORITY) VALUES (3, 18, 8); -- 정리 정돈
INSERT INTO TB_EMOTION_QUEST_RECOMM (EMOTION_ID, RECOMMEND_ID, PRIORITY) VALUES (3, 9, 9); -- 좋아하는 음악 듣기
INSERT INTO TB_EMOTION_QUEST_RECOMM (EMOTION_ID, RECOMMEND_ID, PRIORITY) VALUES (3, 7, 10); -- 친구와 통화하기

-- 평온(4)
INSERT INTO TB_EMOTION_QUEST_RECOMM (EMOTION_ID, RECOMMEND_ID, PRIORITY) VALUES (4, 1, 1); -- 스트레스 해소 명상
INSERT INTO TB_EMOTION_QUEST_RECOMM (EMOTION_ID, RECOMMEND_ID, PRIORITY) VALUES (4, 4, 2); -- 따뜻한 차 한 잔
INSERT INTO TB_EMOTION_QUEST_RECOMM (EMOTION_ID, RECOMMEND_ID, PRIORITY) VALUES (4, 6, 3); -- 창가에서 햇살 쬐기
INSERT INTO TB_EMOTION_QUEST_RECOMM (EMOTION_ID, RECOMMEND_ID, PRIORITY) VALUES (4, 9, 4); -- 좋아하는 음악 듣기
INSERT INTO TB_EMOTION_QUEST_RECOMM (EMOTION_ID, RECOMMEND_ID, PRIORITY) VALUES (4, 11, 5); -- 자연 속에서 시간 보내기
INSERT INTO TB_EMOTION_QUEST_RECOMM (EMOTION_ID, RECOMMEND_ID, PRIORITY) VALUES (4, 13, 6); -- 깊은 호흡 연습
INSERT INTO TB_EMOTION_QUEST_RECOMM (EMOTION_ID, RECOMMEND_ID, PRIORITY) VALUES (4, 14, 7); -- 취미 활동 즐기기
INSERT INTO TB_EMOTION_QUEST_RECOMM (EMOTION_ID, RECOMMEND_ID, PRIORITY) VALUES (4, 17, 8); -- 책 읽기
INSERT INTO TB_EMOTION_QUEST_RECOMM (EMOTION_ID, RECOMMEND_ID, PRIORITY) VALUES (4, 18, 9); -- 정리 정돈
INSERT INTO TB_EMOTION_QUEST_RECOMM (EMOTION_ID, RECOMMEND_ID, PRIORITY) VALUES (4, 10, 10); -- 창의적 글쓰기

-- 불안(5)
INSERT INTO TB_EMOTION_QUEST_RECOMM (EMOTION_ID, RECOMMEND_ID, PRIORITY) VALUES (5, 1, 1); -- 명상
INSERT INTO TB_EMOTION_QUEST_RECOMM (EMOTION_ID, RECOMMEND_ID, PRIORITY) VALUES (5, 2, 2); -- 산책
INSERT INTO TB_EMOTION_QUEST_RECOMM (EMOTION_ID, RECOMMEND_ID, PRIORITY) VALUES (5, 6, 3); -- 햇살 쬐기
INSERT INTO TB_EMOTION_QUEST_RECOMM (EMOTION_ID, RECOMMEND_ID, PRIORITY) VALUES (5, 4, 4); -- 따뜻한 차 한 잔
INSERT INTO TB_EMOTION_QUEST_RECOMM (EMOTION_ID, RECOMMEND_ID, PRIORITY) VALUES (5, 7, 5); -- 친구와 통화하기
INSERT INTO TB_EMOTION_QUEST_RECOMM (EMOTION_ID, RECOMMEND_ID, PRIORITY) VALUES (5, 9, 6); -- 좋아하는 음악 듣기
INSERT INTO TB_EMOTION_QUEST_RECOMM (EMOTION_ID, RECOMMEND_ID, PRIORITY) VALUES (5, 10, 7); -- 창의적 글쓰기
INSERT INTO TB_EMOTION_QUEST_RECOMM (EMOTION_ID, RECOMMEND_ID, PRIORITY) VALUES (5, 13, 8); -- 깊은 호흡 연습
INSERT INTO TB_EMOTION_QUEST_RECOMM (EMOTION_ID, RECOMMEND_ID, PRIORITY) VALUES (5, 15, 9); -- 감정 일기 쓰기
INSERT INTO TB_EMOTION_QUEST_RECOMM (EMOTION_ID, RECOMMEND_ID, PRIORITY) VALUES (5, 18, 10); -- 정리 정돈

-- 피곤(6)
INSERT INTO TB_EMOTION_QUEST_RECOMM (EMOTION_ID, RECOMMEND_ID, PRIORITY) VALUES (6, 1, 1); -- 스트레스 해소 명상
INSERT INTO TB_EMOTION_QUEST_RECOMM (EMOTION_ID, RECOMMEND_ID, PRIORITY) VALUES (6, 4, 2); -- 따뜻한 차 한 잔
INSERT INTO TB_EMOTION_QUEST_RECOMM (EMOTION_ID, RECOMMEND_ID, PRIORITY) VALUES (6, 6, 3); -- 창가에서 햇살 쬐기
INSERT INTO TB_EMOTION_QUEST_RECOMM (EMOTION_ID, RECOMMEND_ID, PRIORITY) VALUES (6, 9, 4); -- 좋아하는 음악 듣기
INSERT INTO TB_EMOTION_QUEST_RECOMM (EMOTION_ID, RECOMMEND_ID, PRIORITY) VALUES (6, 11, 5); -- 자연 속에서 시간 보내기
INSERT INTO TB_EMOTION_QUEST_RECOMM (EMOTION_ID, RECOMMEND_ID, PRIORITY) VALUES (6, 13, 6); -- 깊은 호흡 연습
INSERT INTO TB_EMOTION_QUEST_RECOMM (EMOTION_ID, RECOMMEND_ID, PRIORITY) VALUES (6, 17, 7); -- 책 읽기
INSERT INTO TB_EMOTION_QUEST_RECOMM (EMOTION_ID, RECOMMEND_ID, PRIORITY) VALUES (6, 18, 8); -- 정리 정돈
INSERT INTO TB_EMOTION_QUEST_RECOMM (EMOTION_ID, RECOMMEND_ID, PRIORITY) VALUES (6, 2, 9); -- 기분 전환 산책
INSERT INTO TB_EMOTION_QUEST_RECOMM (EMOTION_ID, RECOMMEND_ID, PRIORITY) VALUES (6, 7, 10); -- 친구와 통화하기

-- 고민(7)
INSERT INTO TB_EMOTION_QUEST_RECOMM (EMOTION_ID, RECOMMEND_ID, PRIORITY) VALUES (7, 10, 1); -- 창의적 글쓰기
INSERT INTO TB_EMOTION_QUEST_RECOMM (EMOTION_ID, RECOMMEND_ID, PRIORITY) VALUES (7, 15, 2); -- 감정 일기 쓰기
INSERT INTO TB_EMOTION_QUEST_RECOMM (EMOTION_ID, RECOMMEND_ID, PRIORITY) VALUES (7, 7, 3); -- 친구와 통화하기
INSERT INTO TB_EMOTION_QUEST_RECOMM (EMOTION_ID, RECOMMEND_ID, PRIORITY) VALUES (7, 1, 4); -- 스트레스 해소 명상
INSERT INTO TB_EMOTION_QUEST_RECOMM (EMOTION_ID, RECOMMEND_ID, PRIORITY) VALUES (7, 2, 5); -- 기분 전환 산책
INSERT INTO TB_EMOTION_QUEST_RECOMM (EMOTION_ID, RECOMMEND_ID, PRIORITY) VALUES (7, 11, 6); -- 자연 속에서 시간 보내기
INSERT INTO TB_EMOTION_QUEST_RECOMM (EMOTION_ID, RECOMMEND_ID, PRIORITY) VALUES (7, 12, 7); -- 목표 설정하기
INSERT INTO TB_EMOTION_QUEST_RECOMM (EMOTION_ID, RECOMMEND_ID, PRIORITY) VALUES (7, 13, 8); -- 깊은 호흡 연습
INSERT INTO TB_EMOTION_QUEST_RECOMM (EMOTION_ID, RECOMMEND_ID, PRIORITY) VALUES (7, 17, 9); -- 책 읽기
INSERT INTO TB_EMOTION_QUEST_RECOMM (EMOTION_ID, RECOMMEND_ID, PRIORITY) VALUES (7, 18, 10); -- 정리 정돈

-- 자신감(8)
INSERT INTO TB_EMOTION_QUEST_RECOMM (EMOTION_ID, RECOMMEND_ID, PRIORITY) VALUES (8, 5, 1); -- 자기 대화
INSERT INTO TB_EMOTION_QUEST_RECOMM (EMOTION_ID, RECOMMEND_ID, PRIORITY) VALUES (8, 3, 2); -- 감사일기
INSERT INTO TB_EMOTION_QUEST_RECOMM (EMOTION_ID, RECOMMEND_ID, PRIORITY) VALUES (8, 12, 3); -- 목표 설정하기
INSERT INTO TB_EMOTION_QUEST_RECOMM (EMOTION_ID, RECOMMEND_ID, PRIORITY) VALUES (8, 8, 4); -- 운동으로 에너지 충전
INSERT INTO TB_EMOTION_QUEST_RECOMM (EMOTION_ID, RECOMMEND_ID, PRIORITY) VALUES (8, 14, 5); -- 취미 활동 즐기기
INSERT INTO TB_EMOTION_QUEST_RECOMM (EMOTION_ID, RECOMMEND_ID, PRIORITY) VALUES (8, 16, 6); -- 자기 격려 메모 작성
INSERT INTO TB_EMOTION_QUEST_RECOMM (EMOTION_ID, RECOMMEND_ID, PRIORITY) VALUES (8, 7, 7); -- 친구와 통화하기
INSERT INTO TB_EMOTION_QUEST_RECOMM (EMOTION_ID, RECOMMEND_ID, PRIORITY) VALUES (8, 9, 8); -- 좋아하는 음악 듣기
INSERT INTO TB_EMOTION_QUEST_RECOMM (EMOTION_ID, RECOMMEND_ID, PRIORITY) VALUES (8, 11, 9); -- 자연 속에서 시간 보내기
INSERT INTO TB_EMOTION_QUEST_RECOMM (EMOTION_ID, RECOMMEND_ID, PRIORITY) VALUES (8, 17, 10); -- 책 읽기

-- ========================================
-- 컨텐츠 추천 샘플 데이터
-- ========================================

-- 유튜브 ID만으로 컨텐츠 등록 (제목/설명은 자동 업데이트)
-- 사용자가 제공한 48개 링크 (유효하지 않은 ID 대체)
INSERT INTO TB_CONTENT_RECOMMENDATIONS (CONTENT_ID, YOUTUBE_ID, THEME) VALUES (1, 'VQRLujxTm3c', '게임'); -- 마인크래프트 한국어 플레이
INSERT INTO TB_CONTENT_RECOMMENDATIONS (CONTENT_ID, YOUTUBE_ID, THEME) VALUES (2, 'ZRhJT2nmvA4', '게임'); -- 배틀그라운드 한국어 스트리밍
INSERT INTO TB_CONTENT_RECOMMENDATIONS (CONTENT_ID, YOUTUBE_ID, THEME) VALUES (3, 'ixllGOX0Evw', '게임'); -- 리그 오브 레전드 하이라이트
INSERT INTO TB_CONTENT_RECOMMENDATIONS (CONTENT_ID, YOUTUBE_ID, THEME) VALUES (4, 'z2XS_RryJGk', '게임'); -- 오버워치 한국어 플레이
INSERT INTO TB_CONTENT_RECOMMENDATIONS (CONTENT_ID, YOUTUBE_ID, THEME) VALUES (5, 'QaFKukn0a6g', '게임'); -- 젤다의 전설 공략
INSERT INTO TB_CONTENT_RECOMMENDATIONS (CONTENT_ID, YOUTUBE_ID, THEME) VALUES (6, 'z2uPFxcGaSY', '게임'); -- 배틀그라운드 모바일
INSERT INTO TB_CONTENT_RECOMMENDATIONS (CONTENT_ID, YOUTUBE_ID, THEME) VALUES (7, '5nKpApXuM1g', '게임'); -- 스타크래프트 한국어 대회
INSERT INTO TB_CONTENT_RECOMMENDATIONS (CONTENT_ID, YOUTUBE_ID, THEME) VALUES (8, 'IC_xwAJzNKc', '게임'); -- 포트나이트 한국어 스트리밍
INSERT INTO TB_CONTENT_RECOMMENDATIONS (CONTENT_ID, YOUTUBE_ID, THEME) VALUES (9, 'y1kWjwVKvRA', '게임'); -- 메이플스토리 플레이
INSERT INTO TB_CONTENT_RECOMMENDATIONS (CONTENT_ID, YOUTUBE_ID, THEME) VALUES (10, 'LPkhWoYYkCA', '게임'); -- 동물의 숲 한국어 플레이
INSERT INTO TB_CONTENT_RECOMMENDATIONS (CONTENT_ID, YOUTUBE_ID, THEME) VALUES (11, 'QhS5a85d3Zc', '게임'); -- 카트라이더 레이싱
INSERT INTO TB_CONTENT_RECOMMENDATIONS (CONTENT_ID, YOUTUBE_ID, THEME) VALUES (12, 'TSi0iJYSQ24', '게임'); -- 피파 온라인 매치
INSERT INTO TB_CONTENT_RECOMMENDATIONS (CONTENT_ID, YOUTUBE_ID, THEME) VALUES (13, 'dvgZkm1xWPE', '음악'); -- K-팝 댄스 커버
INSERT INTO TB_CONTENT_RECOMMENDATIONS (CONTENT_ID, YOUTUBE_ID, THEME) VALUES (14, 'D8VEhcPeSlc', '음악'); -- 한국 발라드 모음
INSERT INTO TB_CONTENT_RECOMMENDATIONS (CONTENT_ID, YOUTUBE_ID, THEME) VALUES (15, 'jWQx2f-CErU', '음악'); -- 한국 재즈 플레이리스트
INSERT INTO TB_CONTENT_RECOMMENDATIONS (CONTENT_ID, YOUTUBE_ID, THEME) VALUES (16, 'JSFG-IE8n_c', '음악'); -- K-팝 히트곡 모음
INSERT INTO TB_CONTENT_RECOMMENDATIONS (CONTENT_ID, YOUTUBE_ID, THEME) VALUES (17, 'cxhqqpVk65Q', '음악'); -- 한국 감성 피아노
INSERT INTO TB_CONTENT_RECOMMENDATIONS (CONTENT_ID, YOUTUBE_ID, THEME) VALUES (18, 'T17AR8cVmto', '음악'); -- 한국 드라마 OST
INSERT INTO TB_CONTENT_RECOMMENDATIONS (CONTENT_ID, YOUTUBE_ID, THEME) VALUES (19, 'CgCVZdcKcqY', '음악'); -- 한국 힙합 플레이리스트
INSERT INTO TB_CONTENT_RECOMMENDATIONS (CONTENT_ID, YOUTUBE_ID, THEME) VALUES (20, 'yebNIHKAC4A', '음악'); -- K-팝 아이돌 무대
INSERT INTO TB_CONTENT_RECOMMENDATIONS (CONTENT_ID, YOUTUBE_ID, THEME) VALUES (21, '3Xolk2cFzlo', '음악'); -- 한국 인디 음악
INSERT INTO TB_CONTENT_RECOMMENDATIONS (CONTENT_ID, YOUTUBE_ID, THEME) VALUES (22, '88GkYKvnvvI', '음악'); -- 한국 어쿠스틱 음악
INSERT INTO TB_CONTENT_RECOMMENDATIONS (CONTENT_ID, YOUTUBE_ID, THEME) VALUES (23, '983bBbJx0Mk', '음악'); -- 한국 감성 록
INSERT INTO TB_CONTENT_RECOMMENDATIONS (CONTENT_ID, YOUTUBE_ID, THEME) VALUES (24, '38xYeot-ciM', '음악'); -- 한국 공부용 음악
INSERT INTO TB_CONTENT_RECOMMENDATIONS (CONTENT_ID, YOUTUBE_ID, THEME) VALUES (25, 'FKHQAy0ySmc', '요리'); -- 백종원: 간단한 김치볶음밥
INSERT INTO TB_CONTENT_RECOMMENDATIONS (CONTENT_ID, YOUTUBE_ID, THEME) VALUES (26, '3HeGP7z7s1U', '요리'); -- 자취요리신: 빠른 라볶이
INSERT INTO TB_CONTENT_RECOMMENDATIONS (CONTENT_ID, YOUTUBE_ID, THEME) VALUES (27, 'NP5vh3RZlIM', '요리'); -- 백종원: 된장찌개
INSERT INTO TB_CONTENT_RECOMMENDATIONS (CONTENT_ID, YOUTUBE_ID, THEME) VALUES (28, 'Es6muteo2HU', '요리'); -- 이 남자의 cook: 간단한 계란 요리
INSERT INTO TB_CONTENT_RECOMMENDATIONS (CONTENT_ID, YOUTUBE_ID, THEME) VALUES (29, 'fEakGqFk18A', '요리'); -- 백종원: 간단한 떡볶이
INSERT INTO TB_CONTENT_RECOMMENDATIONS (CONTENT_ID, YOUTUBE_ID, THEME) VALUES (30, '33z8FgPXupk', '요리'); -- 백종원: 김치볶음밥
INSERT INTO TB_CONTENT_RECOMMENDATIONS (CONTENT_ID, YOUTUBE_ID, THEME) VALUES (31, 'u77d22_Llls', '요리'); -- 자취요리신: 간단한 김밥
INSERT INTO TB_CONTENT_RECOMMENDATIONS (CONTENT_ID, YOUTUBE_ID, THEME) VALUES (32, 'f1gSRra8r48', '요리'); -- 이 남자의 cook: 간단한 파스타
INSERT INTO TB_CONTENT_RECOMMENDATIONS (CONTENT_ID, YOUTUBE_ID, THEME) VALUES (33, '7S8w3EBgRBU', '요리'); -- 백종원: 마파두부 레시피
INSERT INTO TB_CONTENT_RECOMMENDATIONS (CONTENT_ID, YOUTUBE_ID, THEME) VALUES (34, 'KghjuPuxT7k', '요리'); -- 자취요리신: 간단한 덮밥
INSERT INTO TB_CONTENT_RECOMMENDATIONS (CONTENT_ID, YOUTUBE_ID, THEME) VALUES (35, 'sgW9rTUnFJA', '요리'); -- 백종원: 제육볶음 레시피
INSERT INTO TB_CONTENT_RECOMMENDATIONS (CONTENT_ID, YOUTUBE_ID, THEME) VALUES (36, '4KyxldzXXUo', '요리'); -- 이 남자의 cook: 간단한 샌드위치
INSERT INTO TB_CONTENT_RECOMMENDATIONS (CONTENT_ID, YOUTUBE_ID, THEME) VALUES (37, 'VGkoaHyVUdg', '자연'); -- 제주도 바다 풍경
INSERT INTO TB_CONTENT_RECOMMENDATIONS (CONTENT_ID, YOUTUBE_ID, THEME) VALUES (38, 'YFhwEJosUsU', '자연'); -- 설악산 풍경
INSERT INTO TB_CONTENT_RECOMMENDATIONS (CONTENT_ID, YOUTUBE_ID, THEME) VALUES (39, 'AY5qcIq5u2g', '자연'); -- 한라산 하이킹
INSERT INTO TB_CONTENT_RECOMMENDATIONS (CONTENT_ID, YOUTUBE_ID, THEME) VALUES (40, 'lQ0fS2meTYQ', '자연'); -- 가을 단풍 풍경
INSERT INTO TB_CONTENT_RECOMMENDATIONS (CONTENT_ID, YOUTUBE_ID, THEME) VALUES (41, 'B9VRvOKKwfs', '자연'); -- 동해 바다 풍경
INSERT INTO TB_CONTENT_RECOMMENDATIONS (CONTENT_ID, YOUTUBE_ID, THEME) VALUES (42, 'RjTPKlKPM3Y', '자연'); -- 지리산 풍경
INSERT INTO TB_CONTENT_RECOMMENDATIONS (CONTENT_ID, YOUTUBE_ID, THEME) VALUES (43, 'u1GSweKRC9U', '자연'); -- 강원도 숲 풍경
INSERT INTO TB_CONTENT_RECOMMENDATIONS (CONTENT_ID, YOUTUBE_ID, THEME) VALUES (44, 'YFmV_MRSD7M', '자연'); -- 남해 풍경
INSERT INTO TB_CONTENT_REcommendations (CONTENT_ID, YOUTUBE_ID, THEME) VALUES (45, 'RPTYBLDqBt4', '자연'); -- 백두대간 풍경
INSERT INTO TB_CONTENT_RECOMMENDATIONS (CONTENT_ID, YOUTUBE_ID, THEME) VALUES (46, 'MUVpFPRImgA', '자연'); -- 한국 계곡 풍경
INSERT INTO TB_CONTENT_RECOMMENDATIONS (CONTENT_ID, YOUTUBE_ID, THEME) VALUES (47, 'r9pbtgGky4g', '자연'); -- 한국 섬 풍경
INSERT INTO TB_CONTENT_RECOMMENDATIONS (CONTENT_ID, YOUTUBE_ID, THEME) VALUES (48, 'IdTRKv2jLo4', '자연'); -- 부산 해변 풍경

-- 감정별 컨텐츠 매핑 데이터
-- 행복(1) 감정: 밝고 에너지 넘치는 컨텐츠로 기분을 북돋움
INSERT INTO TB_EMfacial expressions, including a smile, a frown, or a neutral expression, are universal indicators of emotional states. EMOTION_CONTENT_RECOMM (EMOTION_ID, CONTENT_ID, PRIORITY) VALUES (1, 1, 1); -- 마인크래프트 플레이
INSERT INTO TB_EMOTION_CONTENT_RECOMM (EMOTION_ID, CONTENT_ID, PRIORITY) VALUES (1, 3, 2); -- 리그 오브 레전드 하이라이트
INSERT INTO TB_EMOTION_CONTENT_RECOMM (EMOTION_ID, CONTENT_ID, PRIORITY) VALUES (1, 5, 3); -- 젤다의 전설 공략
INSERT INTO TB_EMOTION_CONTENT_RECOMM (EMOTION_ID, CONTENT_ID, PRIORITY) VALUES (1, 10, 4); -- 동물의 숲 플레이
INSERT INTO TB_EMOTION_CONTENT_RECOMM (EMOTION_ID, CONTENT_ID, PRIORITY) VALUES (1, 11, 5); -- 카트라이더 레이싱
INSERT INTO TB_EMOTION_CONTENT_RECOMM (EMOTION_ID, CONTENT_ID, PRIORITY) VALUES (1, 13, 6); -- K-팝 댄스 커버
INSERT INTO TB_EMOTION_CONTENT_RECOMM (EMOTION_ID, CONTENT_ID, PRIORITY) VALUES (1, 16, 7); -- K-팝 히트곡 모음
INSERT INTO TB_EMOTION_CONTENT_RECOMM (EMOTION_ID, CONTENT_ID, PRIORITY) VALUES (1, 20, 8); -- K-팝 아이돌 무대
INSERT INTO TB_EMOTION_CONTENT_RECOMM (EMOTION_ID, CONTENT_ID, PRIORITY) VALUES (1, 25, 9); -- 백종원: 김치볶음밥
INSERT INTO TB_EMOTION_CONTENT_RECOMM (EMOTION_ID, CONTENT_ID, PRIORITY) VALUES (1, 26, 10); -- 자취요리신: 라볶이
INSERT INTO TB_EMOTION_CONTENT_RECOMM (EMOTION_ID, CONTENT_ID, PRIORITY) VALUES (1, 29, 11); -- 백종원: 떡볶이
INSERT INTO TB_EMOTION_CONTENT_RECOMM (EMOTION_ID, CONTENT_ID, PRIORITY) VALUES (1, 33, 12); -- 백종원: 마파두부

-- 슬픔(2) 감정: 위로와 공감을 주는 컨텐츠
INSERT INTO TB_EMOTION_CONTENT_RECOMM (EMOTION_ID, CONTENT_ID, PRIORITY) VALUES (2, 14, 1); -- 한국 발라드 모음
INSERT INTO TB_EMOTION_CONTENT_RECOMM (EMOTION_ID, CONTENT_ID, PRIORITY) VALUES (2, 15, 2); -- 한국 재즈 플레이리스트
INSERT INTO TB_EMOTION_CONTENT_RECOMM (EMOTION_ID, CONTENT_ID, PRIORITY) VALUES (2, 17, 3); -- 한국 감성 피아노
INSERT INTO TB_EMOTION_CONTENT_RECOMM (EMOTION_ID, CONTENT_ID, PRIORITY) VALUES (2, 18, 4); -- 한국 드라마 OST
INSERT INTO TB_EMOTION_CONTENT_RECOMM (EMOTION_ID, CONTENT_ID, PRIORITY) VALUES (2, 21, 5); -- 한국 인디 음악
INSERT INTO TB_EMOTION_CONTENT_RECOMM (EMOTION_ID, CONTENT_ID, PRIORITY) VALUES (2, 22, 6); -- 한국 어쿠스틱 음악
INSERT INTO TB_EMOTION_CONTENT_RECOMM (EMOTION_ID, CONTENT_ID, PRIORITY) VALUES (2, 24, 7); -- 한국 공부용 음악
INSERT INTO TB_EMOTION_CONTENT_RECOMM (EMOTION_ID, CONTENT_ID, PRIORITY) VALUES (2, 37, 8); -- 제주도 바다 풍경
INSERT INTO TB_EMOTION_CONTENT_RECOMM (EMOTION_ID, CONTENT_ID, PRIORITY) VALUES (2, 38, 9); -- 설악산 풍경
INSERT INTO TB_EMOTION_CONTENT_RECOMM (EMOTION_ID, CONTENT_ID, PRIORITY) VALUES (2, 40, 10); -- 가을 단풍 풍경
INSERT INTO TB_EMOTION_CONTENT_RECOMM (EMOTION_ID, CONTENT_ID, PRIORITY) VALUES (2, 42, 11); -- 지리산 풍경
INSERT INTO TB_EMOTION_CONTENT_RECOMM (EMOTION_ID, CONTENT_ID, PRIORITY) VALUES (2, 46, 12); -- 한국 계곡 풍경

-- 화남(3) 감정: 에너지 발산과 긴장 완화에 도움 되는 컨텐츠
INSERT INTO TB_EMOTION_CONTENT_RECOMM (EMOTION_ID, CONTENT_ID, PRIORITY) VALUES (3, 2, 1); -- 배틀그라운드 스트리밍
INSERT INTO TB_EMOTION_CONTENT_RECOMM (EMOTION_ID, CONTENT_ID, PRIORITY) VALUES (3, 3, 2); -- 리그 오브 레전드 하이라이트
INSERT INTO TB_EMOTION_CONTENT_RECOMM (EMOTION_ID, CONTENT_ID, PRIORITY) VALUES (3, 4, 3); -- 오버워치 플레이
INSERT INTO TB_EMOTION_CONTENT_RECOMM (EMOTION_ID, CONTENT_ID, PRIORITY) VALUES (3, 6, 4); -- 배틀그라운드 모바일
INSERT INTO TB_EMOTION_CONTENT_RECOMM (EMOTION_ID, CONTENT_ID, PRIORITY) VALUES (3, 7, 5); -- 스타크래프트 대회
INSERT INTO TB_EMOTION_CONTENT_RECOMM (EMOTION_ID, CONTENT_ID, PRIORITY) VALUES (3, 8, 6); -- 포트나이트 스트리밍
INSERT INTO TB_EMOTION_CONTENT_RECOMM (EMOTION_ID, CONTENT_ID, PRIORITY) VALUES (3, 12, 7); -- 피파 온라인 매치
INSERT INTO TB_EMOTION_CONTENT_RECOMM (EMOTION_ID, CONTENT_ID, PRIORITY) VALUES (3, 19, 8); -- 한국 힙합 플레이리스트
INSERT INTO TB_EMOTION_CONTENT_RECOMM (EMOTION_ID, CONTENT_ID, PRIORITY) VALUES (3, 23, 9); -- 한국 감성 록
INSERT INTO TB_EMOTION_CONTENT_RECOMM (EMOTION_ID, CONTENT_ID, PRIORITY) VALUES (3, 25, 10); -- 백종원: 김치볶음밥
INSERT INTO TB_EMOTION_CONTENT_RECOMM (EMOTION_ID, CONTENT_ID, PRIORITY) VALUES (3, 28, 11); -- 이 남자의 cook: 계란 요리
INSERT INTO TB_EMOTION_CONTENT_RECOMM (EMOTION_ID, CONTENT_ID, PRIORITY) VALUES (3, 35, 12); -- 백종원: 제육볶음

-- 평온(4) 감정: 마음을 안정시키고 평화를 주는 컨텐츠
INSERT INTO TB_EMOTION_CONTENT_RECOMM (EMOTION_ID, CONTENT_ID, PRIORITY) VALUES (4, 15, 1); -- 한국 재즈 플레이리스트
INSERT INTO TB_EMOTION_CONTENT_RECOMM (EMOTION_ID, CONTENT_ID, PRIORITY) VALUES (4, 17, 2); -- 한국 감성 피아노
INSERT INTO TB_EMOTION_CONTENT_RECOMM (EMOTION_ID, CONTENT_ID, PRIORITY) VALUES (4, 18, 3); -- 한국 드라마 OST
INSERT INTO TB_EMOTION_CONTENT_RECOMM (EMOTION_ID, CONTENT_ID, PRIORITY) VALUES (4, 22, 4); -- 한국 어쿠스틱 음악
INSERT INTO TB_EMOTION_CONTENT_RECOMM (EMOTION_ID, CONTENT_ID, PRIORITY) VALUES (4, 24, 5); -- 한국 공부용 음악
INSERT INTO TB_EMOTION_CONTENT_RECOMM (EMOTION_ID, CONTENT_ID, PRIORITY) VALUES (4, 27, 6); -- 백종원: 된장찌개
INSERT INTO TB_EMOTION_CONTENT_RECOMM (EMOTION_ID, CONTENT_ID, PRIORITY) VALUES (4, 37, 7); -- 제주도 바다 풍경
INSERT INTO TB_EMOTION_CONTENT_RECOMM (EMOTION_ID, CONTENT_ID, PRIORITY) VALUES (4, 38, 8); -- 설악산 풍경
INSERT INTO TB_EMOTION_CONTENT_RECOMM (EMOTION_ID, CONTENT_ID, PRIORITY) VALUES (4, 39, 9); -- 한라산 하이킹
INSERT INTO TB_EMOTION_CONTENT_RECOMM (EMOTION_ID, CONTENT_ID, PRIORITY) VALUES (4, 41, 10); -- 동해 바다 풍경
INSERT INTO TB_EMOTION_CONTENT_RECOMM (EMOTION_ID, CONTENT_ID, PRIORITY) VALUES (4, 43, 11); -- 강원도 숲 풍경
INSERT INTO TB_EMOTION_CONTENT_RECOMM (EMOTION_ID, CONTENT_ID, PRIORITY) VALUES (4, 46, 12); -- 한국 계곡 풍경

-- 불안(5) 감정: 긴장을 완화하고 안정감을 주는 컨텐츠
INSERT INTO TB_EMOTION_CONTENT_RECOMM (EMOTION_ID, CONTENT_ID, PRIORITY) VALUES (5, 14, 1); -- 한국 발라드 모음
INSERT INTO TB_EMOTION_CONTENT_RECOMM (EMOTION_ID, CONTENT_ID, PRIORITY) VALUES (5, 15, 2); -- 한국 재즈 플레이리스트
INSERT INTO TB_EMOTION_CONTENT_RECOMM (EMOTION_ID, CONTENT_ID, PRIORITY) VALUES (5, 17, 3); -- 한국 감성 피아노
INSERT INTO TB_EMOTION_CONTENT_RECOMM (EMOTION_ID, CONTENT_ID, PRIORITY) VALUES (5, 24, 4); -- 한국 공부용 음악
INSERT INTO TB_EMOTION_CONTENT_RECOMM (EMOTION_ID, CONTENT_ID, PRIORITY) VALUES (5, 27, 5); -- 백종원: 된장찌개
INSERT INTO TB_EMOTION_CONTENT_RECOMM (EMOTION_ID, CONTENT_ID, PRIORITY) VALUES (5, 30, 6); -- 백종원: 김치볶음밥
INSERT INTO TB_EMOTION_CONTENT_RECOMM (EMOTION_ID, CONTENT_ID, PRIORITY) VALUES (5, 36, 7); -- 이 남자의 cook: 샌드위치
INSERT INTO TB_EMOTION_CONTENT_RECOMM (EMOTION_ID, CONTENT_ID, PRIORITY) VALUES (5, 37, 8); -- 제주도 바다 풍경
INSERT INTO TB_EMOTION_CONTENT_RECOMM (EMOTION_ID, CONTENT_ID, PRIORITY) VALUES (5, 40, 9); -- 가을 단풍 풍경
INSERT INTO TB_EMOTION_CONTENT_RECOMM (EMOTION_ID, CONTENT_ID, PRIORITY) VALUES (5, 42, 10); -- 지리산 풍경
INSERT INTO TB_EMOTION_CONTENT_RECOMM (EMOTION_ID, CONTENT_ID, PRIORITY) VALUES (5, 44, 11); -- 남해 풍경
INSERT INTO TB_EMOTION_CONTENT_RECOMM (EMOTION_ID, CONTENT_ID, PRIORITY) VALUES (5, 48, 12); -- 부산 해변 풍경

-- 피곤(6) 감정: 휴식과 편안함을 주는 컨텐츠
INSERT INTO TB_EMOTION_CONTENT_RECOMM (EMOTION_ID, CONTENT_ID, PRIORITY) VALUES (6, 14, 1); -- 한국 발라드 모음
INSERT INTO TB_EMOTION_CONTENT_RECOMM (EMOTION_ID, CONTENT_ID, PRIORITY) VALUES (6, 15, 2); -- 한국 재즈 플레이리스트
INSERT INTO TB_EMOTION_CONTENT_RECOMM (EMOTION_ID, CONTENT_ID, PRIORITY) VALUES (6, 17, 3); -- 한국 감성 피아노
INSERT INTO TB_EMOTION_CONTENT_RECOMM (EMOTION_ID, CONTENT_ID, PRIORITY) VALUES (6, 22, 4); -- 한국 어쿠스틱 음악
INSERT INTO TB_EMOTION_CONTENT_RECOMM (EMOTION_ID, CONTENT_ID, PRIORITY) VALUES (6, 24, 5); -- 한국 공부용 음악
INSERT INTO TB_EMOTION_CONTENT_RECOMM (EMOTION_ID, CONTENT_ID, PRIORITY) VALUES (6, 27, 6); -- 백종원: 된장찌개
INSERT INTO TB_EMOTION_CONTENT_RECOMM (EMOTION_ID, CONTENT_ID, PRIORITY) VALUES (6, 30, 7); -- 백종원: 김치볶음밥
INSERT INTO TB_EMOTION_CONTENT_RECOMM (EMOTION_ID, CONTENT_ID, PRIORITY) VALUES (6, 31, 8); -- 자취요리신: 김밥
INSERT INTO TB_EMOTION_CONTENT_RECOMM (EMOTION_ID, CONTENT_ID, PRIORITY) VALUES (6, 37, 9); -- 제주도 바다 풍경
INSERT INTO TB_EMOTION_CONTENT_RECOMM (EMOTION_ID, CONTENT_ID, PRIORITY) VALUES (6, 39, 10); -- 한라산 하이킹
INSERT INTO TB_EMOTION_CONTENT_RECOMM (EMOTION_ID, CONTENT_ID, PRIORITY) VALUES (6, 43, 11); -- 강원도 숲 풍경
INSERT INTO TB_EMOTION_CONTENT_RECOMM (EMOTION_ID, CONTENT_ID, PRIORITY) VALUES (6, 47, 12); -- 한국 섬 풍경

-- 고민(7) 감정: 생각을 정리하고 창의력을 자극하는 컨텐츠
INSERT INTO TB_EMOTION_CONTENT_RECOMM (EMOTION_ID, CONTENT_ID, PRIORITY) VALUES (7, 1, 1); -- 마인크래프트 플레이
INSERT INTO TB_EMOTION_CONTENT_RECOMM (EMOTION_ID, CONTENT_ID, PRIORITY) VALUES (7, 5, 2); -- 젤다의 전설 공략
INSERT INTO TB_EMOTION_CONTENT_RECOMM (EMOTION_ID, CONTENT_ID, PRIORITY) VALUES (7, 9, 3); -- 메이플스토리 플레이
INSERT INTO TB_EMOTION_CONTENT_RECOMM (EMOTION_ID, CONTENT_ID, PRIORITY) VALUES (7, 10, 4); -- 동물의 숲 플레이
INSERT INTO TB_EMOTION_CONTENT_RECOMM (EMOTION_ID, CONTENT_ID, PRIORITY) VALUES (7, 14, 5); -- 한국 발라드 모음
INSERT INTO TB_EMOTION_CONTENT_RECOMM (EMOTION_ID, CONTENT_ID, PRIORITY) VALUES (7, 17, 6); -- 한국 감성 피아노
INSERT INTO TB_EMOTION_CONTENT_RECOMM (EMOTION_ID, CONTENT_ID, PRIORITY) VALUES (7, 21, 7); -- 한국 인디 음악
INSERT INTO TB_EMOTION_CONTENT_RECOMM (EMOTION_ID, CONTENT_ID, PRIORITY) VALUES (7, 28, 8); -- 이 남자의 cook: 계란 요리
INSERT INTO TB_EMOTION_CONTENT_RECOMM (EMOTION_ID, CONTENT_ID, PRIORITY) VALUES (7, 31, 9); -- 자취요리신: 김밥
INSERT INTO TB_EMOTION_CONTENT_RECOMM (EMOTION_ID, CONTENT_ID, PRIORITY) VALUES (7, 32, 10); -- 이 남자의 cook: 파스타
INSERT INTO TB_EMOTION_CONTENT_RECOMM (EMOTION_ID, CONTENT_ID, PRIORITY) VALUES (7, 33, 11); -- 백종원: 마파두부
INSERT INTO TB_EMOTION_CONTENT_RECOMM (EMOTION_ID, CONTENT_ID, PRIORITY) VALUES (7, 34, 12); -- 자취요리신: 덮밥

-- 자신감(8) 감정: 동기부여와 성취감을 주는 컨텐츠
INSERT INTO TB_EMOTION_CONTENT_RECOMM (EMOTION_ID, CONTENT_ID, PRIORITY) VALUES (8, 3, 1); -- 리그 오브 레전드 하이라이트
INSERT INTO TB_EMOTION_CONTENT_RECOMM (EMOTION_ID, CONTENT_ID, PRIORITY) VALUES (8, 4, 2); -- 오버워치 플레이
INSERT INTO TB_EMOTION_CONTENT_RECOMM (EMOTION_ID, CONTENT_ID, PRIORITY) VALUES (8, 7, 3); -- 스타크래프트 대회
INSERT INTO TB_EMOTION_CONTENT_RECOMM (EMOTION_ID, CONTENT_ID, PRIORITY) VALUES (8, 8, 4); -- 포트나이트 스트리밍
INSERT INTO TB_EMOTION_CONTENT_RECOMM (EMOTION_ID, CONTENT_ID, PRIORITY) VALUES (8, 11, 5); -- 카트라이더 레이싱
INSERT INTO TB_EMOTION_CONTENT_RECOMM (EMOTION_ID, CONTENT_ID, PRIORITY) VALUES (8, 12, 6); -- 피파 온라인 매치
INSERT INTO TB_EMOTION_CONTENT_RECOMM (EMOTION_ID, CONTENT_ID, PRIORITY) VALUES (8, 13, 7); -- K-팝 댄스 커버
INSERT INTO TB_EMOTION_CONTENT_RECOMM (EMOTION_ID, CONTENT_ID, PRIORITY) VALUES (8, 16, 8); -- K-팝 히트곡 모음
INSERT INTO TB_EMOTION_CONTENT_RECOMM (EMOTION_ID, CONTENT_ID, PRIORITY) VALUES (8, 19, 9); -- 한국 힙합 플레이리스트
INSERT INTO TB_EMOTION_CONTENT_RECOMM (EMOTION_ID, CONTENT_ID, PRIORITY) VALUES (8, 20, 10); -- K-팝 아이돌 무대
INSERT INTO TB_EMOTION_CONTENT_RECOMM (EMOTION_ID, CONTENT_ID, PRIORITY) VALUES (8, 25, 11); -- 백종원: 김치볶음밥
INSERT INTO TB_EMOTION_CONTENT_RECOMM (EMOTION_ID, CONTENT_ID, PRIORITY) VALUES (8, 35, 12); -- 백종원: 제육볶음

COMMIT;

-- TB_GUIDANCE_TYPES 샘플 데이터 삽입
-- 이미 존재하는 데이터와의 충돌을 피하기 위해, 필요하다면 기존 데이터를 삭제하거나
-- INSERT INTO ... SELECT ... WHERE NOT EXISTS (...) 구문을 사용할 수 있습니다.
-- 여기서는 간단한 INSERT 문을 제공합니다.

INSERT INTO TB_GUIDANCE_TYPES (GUIDANCE_TYPE_ID, GUIDANCE_TYPE_NAME, DESCRIPTION)
VALUES (SEQ_GUIDANCE_TYPES_GUIDANCE_TYPE_ID.NEXTVAL, '스트레스', '스트레스 관리 및 해소에 대한 가이드');

INSERT INTO TB_GUIDANCE_TYPES (GUIDANCE_TYPE_ID, GUIDANCE_TYPE_NAME, DESCRIPTION)
VALUES (SEQ_GUIDANCE_TYPES_GUIDANCE_TYPE_ID.NEXTVAL, '불안', '불안감 해소 및 심리적 안정에 대한 가이드');

INSERT INTO TB_GUIDANCE_TYPES (GUIDANCE_TYPE_ID, GUIDANCE_TYPE_NAME, DESCRIPTION)
VALUES (SEQ_GUIDANCE_TYPES_GUIDANCE_TYPE_ID.NEXTVAL, '관계', '대인 관계 개선 및 소통에 대한 가이드');

INSERT INTO TB_GUIDANCE_TYPES (GUIDANCE_TYPE_ID, GUIDANCE_TYPE_NAME, DESCRIPTION)
VALUES (SEQ_GUIDANCE_TYPES_GUIDANCE_TYPE_ID.NEXTVAL, '자아성찰', '자기 이해 및 내면 탐색에 대한 가이드');

INSERT INTO TB_GUIDANCE_TYPES (GUIDANCE_TYPE_ID, GUIDANCE_TYPE_NAME, DESCRIPTION)
VALUES (SEQ_GUIDANCE_TYPES_GUIDANCE_TYPE_ID.NEXTVAL, '행복', '긍정적인 감정 증진 및 행복 추구에 대한 가이드');

INSERT INTO TB_GUIDANCE_TYPES (GUIDANCE_TYPE_ID, GUIDANCE_TYPE_NAME, DESCRIPTION)
VALUES (SEQ_GUIDANCE_TYPES_GUIDANCE_TYPE_ID.NEXTVAL, '우울', '우울감 극복 및 정서적 지지에 대한 가이드');

INSERT INTO TB_GUIDANCE_TYPES (GUIDANCE_TYPE_ID, GUIDANCE_TYPE_NAME, DESCRIPTION)
VALUES (SEQ_GUIDANCE_TYPES_GUIDANCE_TYPE_ID.NEXTVAL, '분노', '분노 조절 및 감정 표현에 대한 가이드');

INSERT INTO TB_GUIDANCE_TYPES (GUIDANCE_TYPE_ID, GUIDANCE_TYPE_NAME, DESCRIPTION)
VALUES (SEQ_GUIDANCE_TYPES_GUIDANCE_TYPE_ID.NEXTVAL, '슬픔', '슬픔을 다루고 애도하는 과정에 대한 가이드');

INSERT INTO TB_GUIDANCE_TYPES (GUIDANCE_TYPE_ID, GUIDANCE_TYPE_NAME, DESCRIPTION)
VALUES (SEQ_GUIDANCE_TYPES_GUIDANCE_TYPE_ID.NEXTVAL, '성장', '개인적 성장 및 잠재력 개발에 대한 가이드');

INSERT INTO TB_GUIDANCE_TYPES (GUIDANCE_TYPE_ID, GUIDANCE_TYPE_NAME, DESCRIPTION)
VALUES (SEQ_GUIDANCE_TYPES_GUIDANCE_TYPE_ID.NEXTVAL, '가족', '가족 관계 및 갈등 해결에 대한 가이드');

INSERT INTO TB_GUIDANCE_TYPES (GUIDANCE_TYPE_ID, GUIDANCE_TYPE_NAME, DESCRIPTION)
VALUES (SEQ_GUIDANCE_TYPES_GUIDANCE_TYPE_ID.NEXTVAL, '직장', '직장 생활 및 경력 개발에 대한 가이드');

INSERT INTO TB_GUIDANCE_TYPES (GUIDANCE_TYPE_ID, GUIDANCE_TYPE_NAME, DESCRIPTION)
VALUES (SEQ_GUIDANCE_TYPES_GUIDANCE_TYPE_ID.NEXTVAL, '기타', '분류되지 않은 일반적인 상담 주제에 대한 가이드');

COMMIT;


ALTER TABLE TB_PSYCHOLOGICAL_IMAGE_RESULTS
    ADD (TEST_TYPE VARCHAR2(100));

ALTER TABLE TB_PSYCHOLOGICAL_SCALE_ANSWERS
    ADD (TEST_TYPE VARCHAR2(100));
ALTER TABLE TB_PSYCHOLOGICAL_SCALE_RESULTS
    ADD (TEST_TYPE VARCHAR2(100));

ALTER TABLE TB_USER_ANALYSIS_SUMMARY ADD ANALYSIS_COMPLETED NUMBER(1) DEFAULT 0 NOT NULL;

ALTER TABLE TB_USER_ANALYSIS_SUMMARY ADD INDIVIDUAL_RESULTS_JSON CLOB;


-- 1. 기존 외래 키 제약 조건 삭제
ALTER TABLE TB_USER_ANALYSIS_SUMMARY DROP CONSTRAINT FK_SUMMARY_EMOTION;

-- 2. 기존 컬럼 삭제
ALTER TABLE TB_USER_ANALYSIS_SUMMARY DROP COLUMN EMOTION_LOG_ID;

-- 3. 새로운 EMOTION_ID 컬럼 추가 (NULL을 허용)
ALTER TABLE TB_USER_ANALYSIS_SUMMARY ADD EMOTION_ID NUMBER(19);

-- 4. 새로운 외래 키 제약 조건 추가 (TB_EMOTIONS 테이블 참조)
--    (만약 참조하는 감정이 삭제될 경우, 이 필드는 NULL로 설정되도록 ON DELETE SET NULL 옵션 추가)
ALTER TABLE TB_USER_ANALYSIS_SUMMARY
    ADD CONSTRAINT FK_SUMMARY_DOMINANT_EMOTION
        FOREIGN KEY (EMOTION_ID)
            REFERENCES TB_EMOTIONS(EMOTION_ID)
            ON DELETE SET NULL;

-- 5. 새로 추가된 컬럼에 대한 코멘트 추가
COMMENT ON COLUMN TB_USER_ANALYSIS_SUMMARY.EMOTION_ID IS 'AI 최종 분석으로 도출된 핵심 감정 ID (TB_EMOTIONS 참조)';

ALTER TABLE TB_USER_ANALYSIS_SUMMARY ADD (DOMINANT_EMOTION VARCHAR2(50));
COMMENT ON COLUMN TB_USER_ANALYSIS_SUMMARY.DOMINANT_EMOTION IS 'AI가 분석한 사용자의 주요 감정';

COMMIT;

ALTER TABLE TB_SIMULATION_SETTINGS MODIFY (SCENARIO_ID NULL);

COMMIT;

-- TB_USER_ANALYSIS_SUMMARY 테이블에 STRESS_SCORE 컬럼 추가
ALTER TABLE TB_USER_ANALYSIS_SUMMARY
    ADD STRESS_SCORE NUMBER(5,0); -- NUMBER(5,0)은 총 5자리 정수를 의미합니다.

-- TB_USER_ANALYSIS_SUMMARY 테이블에 DEPRESSION_SCORE 컬럼 추가
ALTER TABLE TB_USER_ANALYSIS_SUMMARY
    ADD DEPRESSION_SCORE NUMBER(5,0);

-- (선택 사항이지만 권장) 추가된 컬럼에 대한 코멘트 추가
COMMENT ON COLUMN TB_USER_ANALYSIS_SUMMARY.STRESS_SCORE IS '스트레스 검사 점수';
COMMENT ON COLUMN TB_USER_ANALYSIS_SUMMARY.DEPRESSION_SCORE IS '우울증 검사 점수';

-- TB_SIMULATION_SETTINGS 테이블에 CURRENT_QUESTION_NUMBER 컬럼 추가
ALTER TABLE TB_SIMULATION_SETTINGS
    ADD CURRENT_QUESTION_NUMBER NUMBER(5,0); -- NUMBER(5,0)은 총 5자리 정수를 의미합니다.

-- TB_SIMULATION_SETTINGS 테이블에 TOTAL_QUESTIONS_COUNT 컬럼 추가
ALTER TABLE TB_SIMULATION_SETTINGS
    ADD TOTAL_QUESTIONS_COUNT NUMBER(5,0);

-- TB_SIMULATION_SETTINGS 테이블에 INITIAL_STRESS_SCORE 컬럼 추가
ALTER TABLE TB_SIMULATION_SETTINGS
    ADD INITIAL_STRESS_SCORE NUMBER(5,0);

-- TB_SIMULATION_SETTINGS 테이블에 INITIAL_DEPRESSION_SCORE 컬럼 추가
ALTER TABLE TB_SIMULATION_SETTINGS
    ADD INITIAL_DEPRESSION_SCORE NUMBER(5,0);

-- (선택 사항이지만 권장) 추가된 컬럼에 대한 코멘트 추가
COMMENT ON COLUMN TB_SIMULATION_SETTINGS.CURRENT_QUESTION_NUMBER IS '현재 진행 중인 시뮬레이션 질문 번호';
COMMENT ON COLUMN TB_SIMULATION_SETTINGS.TOTAL_QUESTIONS_COUNT IS '시뮬레이션의 총 질문 개수';
COMMENT ON COLUMN TB_SIMULATION_SETTINGS.INITIAL_STRESS_SCORE IS '시뮬레이션 시작 전 사용자 스트레스 검사 점수';
COMMENT ON COLUMN TB_SIMULATION_SETTINGS.INITIAL_DEPRESSION_SCORE IS '시뮬레이션 시작 전 사용자 우울감 검사 점수';

-- 2. 시퀀스 생성 (아직 없다면)
-- 시뮬레이션 사용자 결과 ID를 위한 시퀀스 생성
CREATE SEQUENCE SEQ_TB_SIMULATION_USER_RESULTS_ID
    START WITH 1
    INCREMENT BY 1
    NOCACHE
NOCYCLE;

COMMIT;